Pattern Count,K,Silhouette Score,Is Optimal,Sample Size,n_pips,lookback
36,3,3,False,100,3,12
36,4,4,False,100,3,12
36,5,5,False,100,3,12
36,6,6,True,100,3,12
36,7,7,False,100,3,12
36,8,8,False,100,3,12
36,9,9,False,100,3,12
36,10,10,False,100,3,12
36,11,11,False,100,3,12
18,3,3,False,100,3,24
18,4,4,False,100,3,24
18,5,5,False,100,3,24
18,6,6,True,100,3,24
18,7,7,False,100,3,24
15,3,3,False,100,3,36
15,4,4,True,100,3,36
15,5,5,False,100,3,36
54,3,3,False,100,5,12
54,4,4,False,100,5,12
54,5,5,False,100,5,12
54,6,6,True,100,5,12
54,7,7,False,100,5,12
54,8,8,False,100,5,12
54,9,9,False,100,5,12
54,10,10,False,100,5,12
54,11,11,False,100,5,12
54,12,12,False,100,5,12
54,13,13,False,100,5,12
30,3,3,False,100,5,24
30,4,4,False,100,5,24
30,5,5,False,100,5,24
30,6,6,True,100,5,24
30,7,7,False,100,5,24
30,8,8,False,100,5,24
30,9,9,False,100,5,24
27,3,3,False,100,5,36
27,4,4,False,100,5,36
27,5,5,False,100,5,36
27,6,6,False,100,5,36
27,7,7,True,100,5,36
27,8,8,False,100,5,36
27,9,9,False,100,5,36
68,4,4,False,100,7,12
68,5,5,False,100,7,12
68,6,6,True,100,7,12
68,7,7,False,100,7,12
68,8,8,False,100,7,12
68,9,9,False,100,7,12
68,10,10,False,100,7,12
68,11,11,False,100,7,12
68,12,12,False,100,7,12
68,13,13,False,100,7,12
68,14,14,False,100,7,12
68,15,15,False,100,7,12
44,3,3,False,100,7,24
44,4,4,False,100,7,24
44,5,5,True,100,7,24
44,6,6,False,100,7,24
44,7,7,False,100,7,24
44,8,8,False,100,7,24
44,9,9,False,100,7,24
44,10,10,False,100,7,24
44,11,11,False,100,7,24
35,3,3,True,100,7,36
35,4,4,False,100,7,36
35,5,5,False,100,7,36
35,6,6,False,100,7,36
35,7,7,False,100,7,36
35,8,8,False,100,7,36
35,9,9,False,100,7,36
78,4,4,False,100,9,12
78,5,5,False,100,9,12
78,6,6,False,100,9,12
78,7,7,True,100,9,12
78,8,8,False,100,9,12
78,9,9,False,100,9,12
78,10,10,False,100,9,12
78,11,11,False,100,9,12
78,12,12,False,100,9,12
78,13,13,False,100,9,12
78,14,14,False,100,9,12
78,15,15,False,100,9,12
46,3,3,True,100,9,24
46,4,4,False,100,9,24
46,5,5,False,100,9,24
46,6,6,False,100,9,24
46,7,7,False,100,9,24
46,8,8,False,100,9,24
46,9,9,False,100,9,24
46,10,10,False,100,9,24
46,11,11,False,100,9,24
41,3,3,False,100,9,36
41,4,4,True,100,9,36
41,5,5,False,100,9,36
41,6,6,False,100,9,36
41,7,7,False,100,9,36
41,8,8,False,100,9,36
41,9,9,False,100,9,36
41,10,10,False,100,9,36
41,11,11,False,100,9,36
54,3,3,False,142,3,12
54,4,4,False,142,3,12
54,5,5,False,142,3,12
54,6,6,True,142,3,12
54,7,7,False,142,3,12
54,8,8,False,142,3,12
54,9,9,False,142,3,12
54,10,10,False,142,3,12
54,11,11,False,142,3,12
54,12,12,False,142,3,12
54,13,13,False,142,3,12
25,3,3,False,142,3,24
25,4,4,False,142,3,24
25,5,5,False,142,3,24
25,6,6,False,142,3,24
25,7,7,False,142,3,24
25,8,8,True,142,3,24
25,9,9,False,142,3,24
26,3,3,False,142,3,36
26,4,4,True,142,3,36
26,5,5,False,142,3,36
26,6,6,False,142,3,36
26,7,7,False,142,3,36
26,8,8,False,142,3,36
26,9,9,False,142,3,36
80,4,4,False,142,5,12
80,5,5,False,142,5,12
80,6,6,False,142,5,12
80,7,7,False,142,5,12
80,8,8,False,142,5,12
80,9,9,False,142,5,12
80,10,10,False,142,5,12
80,11,11,True,142,5,12
80,12,12,False,142,5,12
80,13,13,False,142,5,12
80,14,14,False,142,5,12
80,15,15,False,142,5,12
47,3,3,False,142,5,24
47,4,4,False,142,5,24
47,5,5,False,142,5,24
47,6,6,False,142,5,24
47,7,7,False,142,5,24
47,8,8,False,142,5,24
47,9,9,False,142,5,24
47,10,10,False,142,5,24
47,11,11,True,142,5,24
40,3,3,False,142,5,36
40,4,4,False,142,5,36
40,5,5,False,142,5,36
40,6,6,False,142,5,36
40,7,7,True,142,5,36
40,8,8,False,142,5,36
40,9,9,False,142,5,36
40,10,10,False,142,5,36
40,11,11,False,142,5,36
101,5,5,False,142,7,12
101,6,6,False,142,7,12
101,7,7,False,142,7,12
101,8,8,False,142,7,12
101,9,9,False,142,7,12
101,10,10,False,142,7,12
101,11,11,False,142,7,12
101,12,12,False,142,7,12
101,13,13,False,142,7,12
101,14,14,False,142,7,12
101,15,15,True,142,7,12
101,16,16,False,142,7,12
101,17,17,False,142,7,12
101,18,18,False,142,7,12
101,19,19,False,142,7,12
67,4,4,False,142,7,24
67,5,5,False,142,7,24
67,6,6,False,142,7,24
67,7,7,True,142,7,24
67,8,8,False,142,7,24
67,9,9,False,142,7,24
67,10,10,False,142,7,24
67,11,11,False,142,7,24
67,12,12,False,142,7,24
67,13,13,False,142,7,24
67,14,14,False,142,7,24
67,15,15,False,142,7,24
57,3,3,False,142,7,36
57,4,4,False,142,7,36
57,5,5,False,142,7,36
57,6,6,False,142,7,36
57,7,7,False,142,7,36
57,8,8,False,142,7,36
57,9,9,False,142,7,36
57,10,10,False,142,7,36
57,11,11,False,142,7,36
57,12,12,False,142,7,36
57,13,13,True,142,7,36
115,5,5,False,142,9,12
115,6,6,False,142,9,12
115,7,7,False,142,9,12
115,8,8,False,142,9,12
115,9,9,False,142,9,12
115,10,10,True,142,9,12
115,11,11,False,142,9,12
115,12,12,False,142,9,12
115,13,13,False,142,9,12
115,14,14,False,142,9,12
115,15,15,False,142,9,12
115,16,16,False,142,9,12
115,17,17,False,142,9,12
115,18,18,False,142,9,12
115,19,19,False,142,9,12
73,4,4,False,142,9,24
73,5,5,False,142,9,24
73,6,6,False,142,9,24
73,7,7,False,142,9,24
73,8,8,False,142,9,24
73,9,9,False,142,9,24
73,10,10,False,142,9,24
73,11,11,False,142,9,24
73,12,12,False,142,9,24
73,13,13,True,142,9,24
73,14,14,False,142,9,24
73,15,15,False,142,9,24
61,3,3,False,142,9,36
61,4,4,False,142,9,36
61,5,5,False,142,9,36
61,6,6,False,142,9,36
61,7,7,False,142,9,36
61,8,8,False,142,9,36
61,9,9,False,142,9,36
61,10,10,False,142,9,36
61,11,11,True,142,9,36
61,12,12,False,142,9,36
61,13,13,False,142,9,36
86,4,4,False,204,3,12
86,5,5,False,204,3,12
86,6,6,True,204,3,12
86,7,7,False,204,3,12
86,8,8,False,204,3,12
86,9,9,False,204,3,12
86,10,10,False,204,3,12
86,11,11,False,204,3,12
86,12,12,False,204,3,12
86,13,13,False,204,3,12
86,14,14,False,204,3,12
86,15,15,False,204,3,12
86,16,16,False,204,3,12
86,17,17,False,204,3,12
42,3,3,False,204,3,24
42,4,4,False,204,3,24
42,5,5,False,204,3,24
42,6,6,False,204,3,24
42,7,7,False,204,3,24
42,8,8,True,204,3,24
42,9,9,False,204,3,24
42,10,10,False,204,3,24
42,11,11,False,204,3,24
42,3,3,False,204,3,36
42,4,4,False,204,3,36
42,5,5,False,204,3,36
42,6,6,False,204,3,36
42,7,7,False,204,3,36
42,8,8,False,204,3,36
42,9,9,True,204,3,36
42,10,10,False,204,3,36
42,11,11,False,204,3,36
122,5,5,False,204,5,12
122,6,6,False,204,5,12
122,7,7,False,204,5,12
122,8,8,False,204,5,12
122,9,9,False,204,5,12
122,10,10,False,204,5,12
122,11,11,False,204,5,12
122,12,12,False,204,5,12
122,13,13,False,204,5,12
122,14,14,False,204,5,12
122,15,15,True,204,5,12
122,16,16,False,204,5,12
122,17,17,False,204,5,12
122,18,18,False,204,5,12
122,19,19,False,204,5,12
122,20,20,False,204,5,12
122,21,21,False,204,5,12
77,4,4,False,204,5,24
77,5,5,False,204,5,24
77,6,6,False,204,5,24
77,7,7,False,204,5,24
77,8,8,False,204,5,24
77,9,9,False,204,5,24
77,10,10,False,204,5,24
77,11,11,False,204,5,24
77,12,12,False,204,5,24
77,13,13,False,204,5,24
77,14,14,True,204,5,24
77,15,15,False,204,5,24
76,4,4,False,204,5,36
76,5,5,False,204,5,36
76,6,6,False,204,5,36
76,7,7,False,204,5,36
76,8,8,False,204,5,36
76,9,9,False,204,5,36
76,10,10,False,204,5,36
76,11,11,False,204,5,36
76,12,12,False,204,5,36
76,13,13,True,204,5,36
76,14,14,False,204,5,36
76,15,15,False,204,5,36
146,6,6,False,204,7,12
146,7,7,True,204,7,12
146,8,8,False,204,7,12
146,9,9,False,204,7,12
146,10,10,False,204,7,12
146,11,11,False,204,7,12
146,12,12,False,204,7,12
146,13,13,False,204,7,12
146,14,14,False,204,7,12
146,15,15,False,204,7,12
146,16,16,False,204,7,12
146,17,17,False,204,7,12
146,18,18,False,204,7,12
146,19,19,False,204,7,12
146,20,20,False,204,7,12
146,21,21,False,204,7,12
146,22,22,False,204,7,12
146,23,23,False,204,7,12
101,5,5,False,204,7,24
101,6,6,False,204,7,24
101,7,7,False,204,7,24
101,8,8,False,204,7,24
101,9,9,False,204,7,24
101,10,10,False,204,7,24
101,11,11,False,204,7,24
101,12,12,False,204,7,24
101,13,13,True,204,7,24
101,14,14,False,204,7,24
101,15,15,False,204,7,24
101,16,16,False,204,7,24
101,17,17,False,204,7,24
101,18,18,False,204,7,24
101,19,19,False,204,7,24
94,4,4,False,204,7,36
94,5,5,False,204,7,36
94,6,6,False,204,7,36
94,7,7,False,204,7,36
94,8,8,True,204,7,36
94,9,9,False,204,7,36
94,10,10,False,204,7,36
94,11,11,False,204,7,36
94,12,12,False,204,7,36
94,13,13,False,204,7,36
94,14,14,False,204,7,36
94,15,15,False,204,7,36
94,16,16,False,204,7,36
94,17,17,False,204,7,36
168,6,6,False,204,9,12
168,7,7,False,204,9,12
168,8,8,False,204,9,12
168,9,9,False,204,9,12
168,10,10,False,204,9,12
168,11,11,False,204,9,12
168,12,12,True,204,9,12
168,13,13,False,204,9,12
168,14,14,False,204,9,12
168,15,15,False,204,9,12
168,16,16,False,204,9,12
168,17,17,False,204,9,12
168,18,18,False,204,9,12
168,19,19,False,204,9,12
168,20,20,False,204,9,12
168,21,21,False,204,9,12
168,22,22,False,204,9,12
168,23,23,False,204,9,12
119,5,5,False,204,9,24
119,6,6,False,204,9,24
119,7,7,False,204,9,24
119,8,8,False,204,9,24
119,9,9,False,204,9,24
119,10,10,True,204,9,24
119,11,11,False,204,9,24
119,12,12,False,204,9,24
119,13,13,False,204,9,24
119,14,14,False,204,9,24
119,15,15,False,204,9,24
119,16,16,False,204,9,24
119,17,17,False,204,9,24
119,18,18,False,204,9,24
119,19,19,False,204,9,24
108,5,5,False,204,9,36
108,6,6,False,204,9,36
108,7,7,False,204,9,36
108,8,8,False,204,9,36
108,9,9,False,204,9,36
108,10,10,False,204,9,36
108,11,11,False,204,9,36
108,12,12,False,204,9,36
108,13,13,False,204,9,36
108,14,14,True,204,9,36
108,15,15,False,204,9,36
108,16,16,False,204,9,36
108,17,17,False,204,9,36
108,18,18,False,204,9,36
108,19,19,False,204,9,36
111,5,5,False,292,3,12
111,6,6,True,292,3,12
111,7,7,False,292,3,12
111,8,8,False,292,3,12
111,9,9,False,292,3,12
111,10,10,False,292,3,12
111,11,11,False,292,3,12
111,12,12,False,292,3,12
111,13,13,False,292,3,12
111,14,14,False,292,3,12
111,15,15,False,292,3,12
111,16,16,False,292,3,12
111,17,17,False,292,3,12
111,18,18,False,292,3,12
111,19,19,False,292,3,12
66,4,4,False,292,3,24
66,5,5,False,292,3,24
66,6,6,False,292,3,24
66,7,7,True,292,3,24
66,8,8,False,292,3,24
66,9,9,False,292,3,24
66,10,10,False,292,3,24
66,11,11,False,292,3,24
66,12,12,False,292,3,24
66,13,13,False,292,3,24
66,14,14,False,292,3,24
66,15,15,False,292,3,24
62,3,3,False,292,3,36
62,4,4,True,292,3,36
62,5,5,False,292,3,36
62,6,6,False,292,3,36
62,7,7,False,292,3,36
62,8,8,False,292,3,36
62,9,9,False,292,3,36
62,10,10,False,292,3,36
62,11,11,False,292,3,36
62,12,12,False,292,3,36
62,13,13,False,292,3,36
176,6,6,False,292,5,12
176,7,7,False,292,5,12
176,8,8,False,292,5,12
176,9,9,False,292,5,12
176,10,10,False,292,5,12
176,11,11,False,292,5,12
176,12,12,False,292,5,12
176,13,13,False,292,5,12
176,14,14,False,292,5,12
176,15,15,False,292,5,12
176,16,16,True,292,5,12
176,17,17,False,292,5,12
176,18,18,False,292,5,12
176,19,19,False,292,5,12
176,20,20,False,292,5,12
176,21,21,False,292,5,12
176,22,22,False,292,5,12
176,23,23,False,292,5,12
176,24,24,False,292,5,12
176,25,25,False,292,5,12
123,5,5,False,292,5,24
123,6,6,False,292,5,24
123,7,7,False,292,5,24
123,8,8,False,292,5,24
123,9,9,False,292,5,24
123,10,10,False,292,5,24
123,11,11,False,292,5,24
123,12,12,False,292,5,24
123,13,13,False,292,5,24
123,14,14,False,292,5,24
123,15,15,False,292,5,24
123,16,16,False,292,5,24
123,17,17,False,292,5,24
123,18,18,False,292,5,24
123,19,19,True,292,5,24
123,20,20,False,292,5,24
123,21,21,False,292,5,24
103,5,5,False,292,5,36
103,6,6,False,292,5,36
103,7,7,False,292,5,36
103,8,8,False,292,5,36
103,9,9,False,292,5,36
103,10,10,False,292,5,36
103,11,11,True,292,5,36
103,12,12,False,292,5,36
103,13,13,False,292,5,36
103,14,14,False,292,5,36
103,15,15,False,292,5,36
103,16,16,False,292,5,36
103,17,17,False,292,5,36
103,18,18,False,292,5,36
103,19,19,False,292,5,36
218,7,7,False,292,7,12
218,8,8,False,292,7,12
218,9,9,False,292,7,12
218,10,10,False,292,7,12
218,11,11,False,292,7,12
218,12,12,False,292,7,12
218,13,13,True,292,7,12
218,14,14,False,292,7,12
218,15,15,False,292,7,12
218,16,16,False,292,7,12
218,17,17,False,292,7,12
218,18,18,False,292,7,12
218,19,19,False,292,7,12
218,20,20,False,292,7,12
218,21,21,False,292,7,12
218,22,22,False,292,7,12
218,23,23,False,292,7,12
218,24,24,False,292,7,12
218,25,25,False,292,7,12
218,26,26,False,292,7,12
218,27,27,False,292,7,12
151,6,6,False,292,7,24
151,7,7,False,292,7,24
151,8,8,False,292,7,24
151,9,9,False,292,7,24
151,10,10,False,292,7,24
151,11,11,False,292,7,24
151,12,12,False,292,7,24
151,13,13,False,292,7,24
151,14,14,False,292,7,24
151,15,15,False,292,7,24
151,16,16,True,292,7,24
151,17,17,False,292,7,24
151,18,18,False,292,7,24
151,19,19,False,292,7,24
151,20,20,False,292,7,24
151,21,21,False,292,7,24
151,22,22,False,292,7,24
151,23,23,False,292,7,24
140,5,5,False,292,7,36
140,6,6,False,292,7,36
140,7,7,False,292,7,36
140,8,8,False,292,7,36
140,9,9,False,292,7,36
140,10,10,False,292,7,36
140,11,11,False,292,7,36
140,12,12,False,292,7,36
140,13,13,False,292,7,36
140,14,14,False,292,7,36
140,15,15,True,292,7,36
140,16,16,False,292,7,36
140,17,17,False,292,7,36
140,18,18,False,292,7,36
140,19,19,False,292,7,36
140,20,20,False,292,7,36
140,21,21,False,292,7,36
248,7,7,True,292,9,12
248,8,8,False,292,9,12
248,9,9,False,292,9,12
248,10,10,False,292,9,12
248,11,11,False,292,9,12
248,12,12,False,292,9,12
248,13,13,False,292,9,12
248,14,14,False,292,9,12
248,15,15,False,292,9,12
248,16,16,False,292,9,12
248,17,17,False,292,9,12
248,18,18,False,292,9,12
248,19,19,False,292,9,12
248,20,20,False,292,9,12
248,21,21,False,292,9,12
248,22,22,False,292,9,12
248,23,23,False,292,9,12
248,24,24,False,292,9,12
248,25,25,False,292,9,12
248,26,26,False,292,9,12
248,27,27,False,292,9,12
248,28,28,False,292,9,12
248,29,29,False,292,9,12
179,6,6,False,292,9,24
179,7,7,False,292,9,24
179,8,8,False,292,9,24
179,9,9,False,292,9,24
179,10,10,False,292,9,24
179,11,11,False,292,9,24
179,12,12,False,292,9,24
179,13,13,False,292,9,24
179,14,14,False,292,9,24
179,15,15,False,292,9,24
179,16,16,False,292,9,24
179,17,17,False,292,9,24
179,18,18,False,292,9,24
179,19,19,False,292,9,24
179,20,20,False,292,9,24
179,21,21,False,292,9,24
179,22,22,False,292,9,24
179,23,23,False,292,9,24
179,24,24,True,292,9,24
179,25,25,False,292,9,24
155,6,6,False,292,9,36
155,7,7,False,292,9,36
155,8,8,False,292,9,36
155,9,9,False,292,9,36
155,10,10,False,292,9,36
155,11,11,False,292,9,36
155,12,12,False,292,9,36
155,13,13,False,292,9,36
155,14,14,False,292,9,36
155,15,15,False,292,9,36
155,16,16,False,292,9,36
155,17,17,True,292,9,36
155,18,18,False,292,9,36
155,19,19,False,292,9,36
155,20,20,False,292,9,36
155,21,21,False,292,9,36
155,22,22,False,292,9,36
155,23,23,False,292,9,36
158,6,6,False,418,3,12
158,7,7,False,418,3,12
158,8,8,False,418,3,12
158,9,9,False,418,3,12
158,10,10,False,418,3,12
158,11,11,False,418,3,12
158,12,12,False,418,3,12
158,13,13,False,418,3,12
158,14,14,False,418,3,12
158,15,15,False,418,3,12
158,16,16,False,418,3,12
158,17,17,False,418,3,12
158,18,18,False,418,3,12
158,19,19,False,418,3,12
158,20,20,False,418,3,12
158,21,21,False,418,3,12
158,22,22,True,418,3,12
158,23,23,False,418,3,12
109,5,5,False,418,3,24
109,6,6,False,418,3,24
109,7,7,False,418,3,24
109,8,8,False,418,3,24
109,9,9,False,418,3,24
109,10,10,False,418,3,24
109,11,11,False,418,3,24
109,12,12,False,418,3,24
109,13,13,False,418,3,24
109,14,14,False,418,3,24
109,15,15,False,418,3,24
109,16,16,False,418,3,24
109,17,17,True,418,3,24
109,18,18,False,418,3,24
109,19,19,False,418,3,24
101,5,5,False,418,3,36
101,6,6,False,418,3,36
101,7,7,False,418,3,36
101,8,8,False,418,3,36
101,9,9,False,418,3,36
101,10,10,False,418,3,36
101,11,11,False,418,3,36
101,12,12,False,418,3,36
101,13,13,False,418,3,36
101,14,14,True,418,3,36
101,15,15,False,418,3,36
101,16,16,False,418,3,36
101,17,17,False,418,3,36
101,18,18,False,418,3,36
101,19,19,False,418,3,36
254,7,7,False,418,5,12
254,8,8,False,418,5,12
254,9,9,False,418,5,12
254,10,10,False,418,5,12
254,11,11,False,418,5,12
254,12,12,True,418,5,12
254,13,13,False,418,5,12
254,14,14,False,418,5,12
254,15,15,False,418,5,12
254,16,16,False,418,5,12
254,17,17,False,418,5,12
254,18,18,False,418,5,12
254,19,19,False,418,5,12
254,20,20,False,418,5,12
254,21,21,False,418,5,12
254,22,22,False,418,5,12
254,23,23,False,418,5,12
254,24,24,False,418,5,12
254,25,25,False,418,5,12
254,26,26,False,418,5,12
254,27,27,False,418,5,12
254,28,28,False,418,5,12
254,29,29,False,418,5,12
188,6,6,False,418,5,24
188,7,7,False,418,5,24
188,8,8,False,418,5,24
188,9,9,False,418,5,24
188,10,10,False,418,5,24
188,11,11,False,418,5,24
188,12,12,False,418,5,24
188,13,13,False,418,5,24
188,14,14,False,418,5,24
188,15,15,False,418,5,24
188,16,16,False,418,5,24
188,17,17,True,418,5,24
188,18,18,False,418,5,24
188,19,19,False,418,5,24
188,20,20,False,418,5,24
188,21,21,False,418,5,24
188,22,22,False,418,5,24
188,23,23,False,418,5,24
188,24,24,False,418,5,24
188,25,25,False,418,5,24
167,6,6,False,418,5,36
167,7,7,False,418,5,36
167,8,8,False,418,5,36
167,9,9,False,418,5,36
167,10,10,False,418,5,36
167,11,11,False,418,5,36
167,12,12,False,418,5,36
167,13,13,False,418,5,36
167,14,14,False,418,5,36
167,15,15,False,418,5,36
167,16,16,False,418,5,36
167,17,17,False,418,5,36
167,18,18,False,418,5,36
167,19,19,True,418,5,36
167,20,20,False,418,5,36
167,21,21,False,418,5,36
167,22,22,False,418,5,36
167,23,23,False,418,5,36
317,8,8,True,418,7,12
317,9,9,False,418,7,12
317,10,10,False,418,7,12
317,11,11,False,418,7,12
317,12,12,False,418,7,12
317,13,13,False,418,7,12
317,14,14,False,418,7,12
317,15,15,False,418,7,12
317,16,16,False,418,7,12
317,17,17,False,418,7,12
317,18,18,False,418,7,12
317,19,19,False,418,7,12
317,20,20,False,418,7,12
317,21,21,False,418,7,12
317,22,22,False,418,7,12
317,23,23,False,418,7,12
317,24,24,False,418,7,12
317,25,25,False,418,7,12
317,26,26,False,418,7,12
317,27,27,False,418,7,12
317,28,28,False,418,7,12
317,29,29,False,418,7,12
317,30,30,False,418,7,12
317,31,31,False,418,7,12
317,32,32,False,418,7,12
317,33,33,False,418,7,12
225,7,7,False,418,7,24
225,8,8,False,418,7,24
225,9,9,False,418,7,24
225,10,10,False,418,7,24
225,11,11,False,418,7,24
225,12,12,False,418,7,24
225,13,13,False,418,7,24
225,14,14,False,418,7,24
225,15,15,False,418,7,24
225,16,16,False,418,7,24
225,17,17,False,418,7,24
225,18,18,False,418,7,24
225,19,19,False,418,7,24
225,20,20,False,418,7,24
225,21,21,False,418,7,24
225,22,22,False,418,7,24
225,23,23,False,418,7,24
225,24,24,False,418,7,24
225,25,25,True,418,7,24
225,26,26,False,418,7,24
225,27,27,False,418,7,24
225,28,28,False,418,7,24
225,29,29,False,418,7,24
213,7,7,False,418,7,36
213,8,8,False,418,7,36
213,9,9,False,418,7,36
213,10,10,False,418,7,36
213,11,11,False,418,7,36
213,12,12,False,418,7,36
213,13,13,False,418,7,36
213,14,14,False,418,7,36
213,15,15,False,418,7,36
213,16,16,False,418,7,36
213,17,17,False,418,7,36
213,18,18,False,418,7,36
213,19,19,False,418,7,36
213,20,20,False,418,7,36
213,21,21,False,418,7,36
213,22,22,False,418,7,36
213,23,23,False,418,7,36
213,24,24,False,418,7,36
213,25,25,False,418,7,36
213,26,26,True,418,7,36
213,27,27,False,418,7,36
362,9,9,False,418,9,12
362,10,10,False,418,9,12
362,11,11,False,418,9,12
362,12,12,False,418,9,12
362,13,13,True,418,9,12
362,14,14,False,418,9,12
362,15,15,False,418,9,12
362,16,16,False,418,9,12
362,17,17,False,418,9,12
362,18,18,False,418,9,12
362,19,19,False,418,9,12
362,20,20,False,418,9,12
362,21,21,False,418,9,12
362,22,22,False,418,9,12
362,23,23,False,418,9,12
362,24,24,False,418,9,12
362,25,25,False,418,9,12
362,26,26,False,418,9,12
362,27,27,False,418,9,12
362,28,28,False,418,9,12
362,29,29,False,418,9,12
362,30,30,False,418,9,12
362,31,31,False,418,9,12
362,32,32,False,418,9,12
362,33,33,False,418,9,12
362,34,34,False,418,9,12
362,35,35,False,418,9,12
362,36,36,False,418,9,12
362,37,37,False,418,9,12
261,8,8,False,418,9,24
261,9,9,True,418,9,24
261,10,10,False,418,9,24
261,11,11,False,418,9,24
261,12,12,False,418,9,24
261,13,13,False,418,9,24
261,14,14,False,418,9,24
261,15,15,False,418,9,24
261,16,16,False,418,9,24
261,17,17,False,418,9,24
261,18,18,False,418,9,24
261,19,19,False,418,9,24
261,20,20,False,418,9,24
261,21,21,False,418,9,24
261,22,22,False,418,9,24
261,23,23,False,418,9,24
261,24,24,False,418,9,24
261,25,25,False,418,9,24
261,26,26,False,418,9,24
261,27,27,False,418,9,24
261,28,28,False,418,9,24
261,29,29,False,418,9,24
261,30,30,False,418,9,24
261,31,31,False,418,9,24
242,7,7,False,418,9,36
242,8,8,False,418,9,36
242,9,9,False,418,9,36
242,10,10,False,418,9,36
242,11,11,False,418,9,36
242,12,12,False,418,9,36
242,13,13,False,418,9,36
242,14,14,False,418,9,36
242,15,15,False,418,9,36
242,16,16,False,418,9,36
242,17,17,False,418,9,36
242,18,18,False,418,9,36
242,19,19,False,418,9,36
242,20,20,False,418,9,36
242,21,21,False,418,9,36
242,22,22,False,418,9,36
242,23,23,False,418,9,36
242,24,24,False,418,9,36
242,25,25,True,418,9,36
242,26,26,False,418,9,36
242,27,27,False,418,9,36
242,28,28,False,418,9,36
242,29,29,False,418,9,36
229,7,7,False,597,3,12
229,8,8,True,597,3,12
229,9,9,False,597,3,12
229,10,10,False,597,3,12
229,11,11,False,597,3,12
229,12,12,False,597,3,12
229,13,13,False,597,3,12
229,14,14,False,597,3,12
229,15,15,False,597,3,12
229,16,16,False,597,3,12
229,17,17,False,597,3,12
229,18,18,False,597,3,12
229,19,19,False,597,3,12
229,20,20,False,597,3,12
229,21,21,False,597,3,12
229,22,22,False,597,3,12
229,23,23,False,597,3,12
229,24,24,False,597,3,12
229,25,25,False,597,3,12
229,26,26,False,597,3,12
229,27,27,False,597,3,12
229,28,28,False,597,3,12
229,29,29,False,597,3,12
144,6,6,False,597,3,24
144,7,7,False,597,3,24
144,8,8,False,597,3,24
144,9,9,False,597,3,24
144,10,10,False,597,3,24
144,11,11,False,597,3,24
144,12,12,False,597,3,24
144,13,13,False,597,3,24
144,14,14,False,597,3,24
144,15,15,False,597,3,24
144,16,16,False,597,3,24
144,17,17,False,597,3,24
144,18,18,False,597,3,24
144,19,19,False,597,3,24
144,20,20,False,597,3,24
144,21,21,False,597,3,24
144,22,22,False,597,3,24
144,23,23,True,597,3,24
121,5,5,False,597,3,36
121,6,6,False,597,3,36
121,7,7,False,597,3,36
121,8,8,False,597,3,36
121,9,9,False,597,3,36
121,10,10,False,597,3,36
121,11,11,False,597,3,36
121,12,12,False,597,3,36
121,13,13,False,597,3,36
121,14,14,True,597,3,36
121,15,15,False,597,3,36
121,16,16,False,597,3,36
121,17,17,False,597,3,36
121,18,18,False,597,3,36
121,19,19,False,597,3,36
121,20,20,False,597,3,36
121,21,21,False,597,3,36
368,9,9,False,597,5,12
368,10,10,False,597,5,12
368,11,11,False,597,5,12
368,12,12,False,597,5,12
368,13,13,False,597,5,12
368,14,14,False,597,5,12
368,15,15,False,597,5,12
368,16,16,False,597,5,12
368,17,17,False,597,5,12
368,18,18,False,597,5,12
368,19,19,False,597,5,12
368,20,20,False,597,5,12
368,21,21,False,597,5,12
368,22,22,False,597,5,12
368,23,23,False,597,5,12
368,24,24,False,597,5,12
368,25,25,False,597,5,12
368,26,26,False,597,5,12
368,27,27,False,597,5,12
368,28,28,False,597,5,12
368,29,29,False,597,5,12
368,30,30,False,597,5,12
368,31,31,True,597,5,12
368,32,32,False,597,5,12
368,33,33,False,597,5,12
368,34,34,False,597,5,12
368,35,35,False,597,5,12
368,36,36,False,597,5,12
368,37,37,False,597,5,12
272,8,8,False,597,5,24
272,9,9,False,597,5,24
272,10,10,False,597,5,24
272,11,11,False,597,5,24
272,12,12,False,597,5,24
272,13,13,False,597,5,24
272,14,14,False,597,5,24
272,15,15,False,597,5,24
272,16,16,False,597,5,24
272,17,17,False,597,5,24
272,18,18,False,597,5,24
272,19,19,False,597,5,24
272,20,20,False,597,5,24
272,21,21,False,597,5,24
272,22,22,True,597,5,24
272,23,23,False,597,5,24
272,24,24,False,597,5,24
272,25,25,False,597,5,24
272,26,26,False,597,5,24
272,27,27,False,597,5,24
272,28,28,False,597,5,24
272,29,29,False,597,5,24
272,30,30,False,597,5,24
272,31,31,False,597,5,24
236,7,7,False,597,5,36
236,8,8,False,597,5,36
236,9,9,False,597,5,36
236,10,10,False,597,5,36
236,11,11,False,597,5,36
236,12,12,False,597,5,36
236,13,13,False,597,5,36
236,14,14,False,597,5,36
236,15,15,False,597,5,36
236,16,16,False,597,5,36
236,17,17,False,597,5,36
236,18,18,True,597,5,36
236,19,19,False,597,5,36
236,20,20,False,597,5,36
236,21,21,False,597,5,36
236,22,22,False,597,5,36
236,23,23,False,597,5,36
236,24,24,False,597,5,36
236,25,25,False,597,5,36
236,26,26,False,597,5,36
236,27,27,False,597,5,36
236,28,28,False,597,5,36
236,29,29,False,597,5,36
454,10,10,False,597,7,12
454,11,11,False,597,7,12
454,12,12,False,597,7,12
454,13,13,False,597,7,12
454,14,14,False,597,7,12
454,15,15,False,597,7,12
454,16,16,False,597,7,12
454,17,17,False,597,7,12
454,18,18,False,597,7,12
454,19,19,False,597,7,12
454,20,20,False,597,7,12
454,21,21,True,597,7,12
454,22,22,False,597,7,12
454,23,23,False,597,7,12
454,24,24,False,597,7,12
454,25,25,False,597,7,12
454,26,26,False,597,7,12
454,27,27,False,597,7,12
454,28,28,False,597,7,12
454,29,29,False,597,7,12
454,30,30,False,597,7,12
454,31,31,False,597,7,12
454,32,32,False,597,7,12
454,33,33,False,597,7,12
454,34,34,False,597,7,12
454,35,35,False,597,7,12
454,36,36,False,597,7,12
454,37,37,False,597,7,12
454,38,38,False,597,7,12
454,39,39,False,597,7,12
454,40,40,False,597,7,12
454,41,41,False,597,7,12
337,9,9,False,597,7,24
337,10,10,False,597,7,24
337,11,11,False,597,7,24
337,12,12,False,597,7,24
337,13,13,False,597,7,24
337,14,14,False,597,7,24
337,15,15,False,597,7,24
337,16,16,False,597,7,24
337,17,17,False,597,7,24
337,18,18,False,597,7,24
337,19,19,False,597,7,24
337,20,20,False,597,7,24
337,21,21,False,597,7,24
337,22,22,False,597,7,24
337,23,23,False,597,7,24
337,24,24,False,597,7,24
337,25,25,False,597,7,24
337,26,26,False,597,7,24
337,27,27,False,597,7,24
337,28,28,False,597,7,24
337,29,29,False,597,7,24
337,30,30,True,597,7,24
337,31,31,False,597,7,24
337,32,32,False,597,7,24
337,33,33,False,597,7,24
337,34,34,False,597,7,24
337,35,35,False,597,7,24
311,8,8,False,597,7,36
311,9,9,False,597,7,36
311,10,10,False,597,7,36
311,11,11,False,597,7,36
311,12,12,False,597,7,36
311,13,13,False,597,7,36
311,14,14,False,597,7,36
311,15,15,False,597,7,36
311,16,16,False,597,7,36
311,17,17,False,597,7,36
311,18,18,False,597,7,36
311,19,19,False,597,7,36
311,20,20,False,597,7,36
311,21,21,False,597,7,36
311,22,22,False,597,7,36
311,23,23,False,597,7,36
311,24,24,False,597,7,36
311,25,25,False,597,7,36
311,26,26,False,597,7,36
311,27,27,False,597,7,36
311,28,28,False,597,7,36
311,29,29,False,597,7,36
311,30,30,True,597,7,36
311,31,31,False,597,7,36
311,32,32,False,597,7,36
311,33,33,False,597,7,36
525,11,11,False,597,9,12
525,12,12,True,597,9,12
525,13,13,False,597,9,12
525,14,14,False,597,9,12
525,15,15,False,597,9,12
525,16,16,False,597,9,12
525,17,17,False,597,9,12
525,18,18,False,597,9,12
525,19,19,False,597,9,12
525,20,20,False,597,9,12
525,21,21,False,597,9,12
525,22,22,False,597,9,12
525,23,23,False,597,9,12
525,24,24,False,597,9,12
525,25,25,False,597,9,12
525,26,26,False,597,9,12
525,27,27,False,597,9,12
525,28,28,False,597,9,12
525,29,29,False,597,9,12
525,30,30,False,597,9,12
525,31,31,False,597,9,12
525,32,32,False,597,9,12
525,33,33,False,597,9,12
525,34,34,False,597,9,12
525,35,35,False,597,9,12
525,36,36,False,597,9,12
525,37,37,False,597,9,12
525,38,38,False,597,9,12
525,39,39,False,597,9,12
525,40,40,False,597,9,12
525,41,41,False,597,9,12
525,42,42,False,597,9,12
525,43,43,False,597,9,12
377,9,9,False,597,9,24
377,10,10,False,597,9,24
377,11,11,True,597,9,24
377,12,12,False,597,9,24
377,13,13,False,597,9,24
377,14,14,False,597,9,24
377,15,15,False,597,9,24
377,16,16,False,597,9,24
377,17,17,False,597,9,24
377,18,18,False,597,9,24
377,19,19,False,597,9,24
377,20,20,False,597,9,24
377,21,21,False,597,9,24
377,22,22,False,597,9,24
377,23,23,False,597,9,24
377,24,24,False,597,9,24
377,25,25,False,597,9,24
377,26,26,False,597,9,24
377,27,27,False,597,9,24
377,28,28,False,597,9,24
377,29,29,False,597,9,24
377,30,30,False,597,9,24
377,31,31,False,597,9,24
377,32,32,False,597,9,24
377,33,33,False,597,9,24
377,34,34,False,597,9,24
377,35,35,False,597,9,24
377,36,36,False,597,9,24
377,37,37,False,597,9,24
356,9,9,False,597,9,36
356,10,10,False,597,9,36
356,11,11,False,597,9,36
356,12,12,False,597,9,36
356,13,13,False,597,9,36
356,14,14,False,597,9,36
356,15,15,False,597,9,36
356,16,16,False,597,9,36
356,17,17,False,597,9,36
356,18,18,False,597,9,36
356,19,19,False,597,9,36
356,20,20,False,597,9,36
356,21,21,False,597,9,36
356,22,22,False,597,9,36
356,23,23,False,597,9,36
356,24,24,False,597,9,36
356,25,25,False,597,9,36
356,26,26,False,597,9,36
356,27,27,False,597,9,36
356,28,28,False,597,9,36
356,29,29,False,597,9,36
356,30,30,False,597,9,36
356,31,31,False,597,9,36
356,32,32,False,597,9,36
356,33,33,False,597,9,36
356,34,34,True,597,9,36
356,35,35,False,597,9,36
337,9,9,False,854,3,12
337,10,10,False,854,3,12
337,11,11,False,854,3,12
337,12,12,False,854,3,12
337,13,13,False,854,3,12
337,14,14,False,854,3,12
337,15,15,False,854,3,12
337,16,16,False,854,3,12
337,17,17,False,854,3,12
337,18,18,True,854,3,12
337,19,19,False,854,3,12
337,20,20,False,854,3,12
337,21,21,False,854,3,12
337,22,22,False,854,3,12
337,23,23,False,854,3,12
337,24,24,False,854,3,12
337,25,25,False,854,3,12
337,26,26,False,854,3,12
337,27,27,False,854,3,12
337,28,28,False,854,3,12
337,29,29,False,854,3,12
337,30,30,False,854,3,12
337,31,31,False,854,3,12
337,32,32,False,854,3,12
337,33,33,False,854,3,12
337,34,34,False,854,3,12
337,35,35,False,854,3,12
222,7,7,False,854,3,24
222,8,8,False,854,3,24
222,9,9,False,854,3,24
222,10,10,False,854,3,24
222,11,11,False,854,3,24
222,12,12,False,854,3,24
222,13,13,False,854,3,24
222,14,14,False,854,3,24
222,15,15,False,854,3,24
222,16,16,False,854,3,24
222,17,17,False,854,3,24
222,18,18,False,854,3,24
222,19,19,False,854,3,24
222,20,20,False,854,3,24
222,21,21,False,854,3,24
222,22,22,False,854,3,24
222,23,23,False,854,3,24
222,24,24,False,854,3,24
222,25,25,False,854,3,24
222,26,26,True,854,3,24
222,27,27,False,854,3,24
188,6,6,False,854,3,36
188,7,7,False,854,3,36
188,8,8,False,854,3,36
188,9,9,False,854,3,36
188,10,10,False,854,3,36
188,11,11,False,854,3,36
188,12,12,False,854,3,36
188,13,13,False,854,3,36
188,14,14,True,854,3,36
188,15,15,False,854,3,36
188,16,16,False,854,3,36
188,17,17,False,854,3,36
188,18,18,False,854,3,36
188,19,19,False,854,3,36
188,20,20,False,854,3,36
188,21,21,False,854,3,36
188,22,22,False,854,3,36
188,23,23,False,854,3,36
188,24,24,False,854,3,36
188,25,25,False,854,3,36
536,11,11,False,854,5,12
536,12,12,False,854,5,12
536,13,13,False,854,5,12
536,14,14,False,854,5,12
536,15,15,False,854,5,12
536,16,16,False,854,5,12
536,17,17,False,854,5,12
536,18,18,False,854,5,12
536,19,19,False,854,5,12
536,20,20,False,854,5,12
536,21,21,False,854,5,12
536,22,22,False,854,5,12
536,23,23,False,854,5,12
536,24,24,False,854,5,12
536,25,25,False,854,5,12
536,26,26,False,854,5,12
536,27,27,False,854,5,12
536,28,28,False,854,5,12
536,29,29,True,854,5,12
536,30,30,False,854,5,12
536,31,31,False,854,5,12
536,32,32,False,854,5,12
536,33,33,False,854,5,12
536,34,34,False,854,5,12
536,35,35,False,854,5,12
536,36,36,False,854,5,12
536,37,37,False,854,5,12
536,38,38,False,854,5,12
536,39,39,False,854,5,12
536,40,40,False,854,5,12
536,41,41,False,854,5,12
536,42,42,False,854,5,12
536,43,43,False,854,5,12
536,44,44,False,854,5,12
536,45,45,False,854,5,12
390,9,9,False,854,5,24
390,10,10,False,854,5,24
390,11,11,False,854,5,24
390,12,12,False,854,5,24
390,13,13,False,854,5,24
390,14,14,False,854,5,24
390,15,15,False,854,5,24
390,16,16,False,854,5,24
390,17,17,False,854,5,24
390,18,18,False,854,5,24
390,19,19,False,854,5,24
390,20,20,False,854,5,24
390,21,21,False,854,5,24
390,22,22,False,854,5,24
390,23,23,False,854,5,24
390,24,24,False,854,5,24
390,25,25,False,854,5,24
390,26,26,False,854,5,24
390,27,27,False,854,5,24
390,28,28,False,854,5,24
390,29,29,False,854,5,24
390,30,30,False,854,5,24
390,31,31,True,854,5,24
390,32,32,False,854,5,24
390,33,33,False,854,5,24
390,34,34,False,854,5,24
390,35,35,False,854,5,24
390,36,36,False,854,5,24
390,37,37,False,854,5,24
349,9,9,False,854,5,36
349,10,10,False,854,5,36
349,11,11,False,854,5,36
349,12,12,False,854,5,36
349,13,13,False,854,5,36
349,14,14,False,854,5,36
349,15,15,False,854,5,36
349,16,16,False,854,5,36
349,17,17,False,854,5,36
349,18,18,False,854,5,36
349,19,19,False,854,5,36
349,20,20,False,854,5,36
349,21,21,False,854,5,36
349,22,22,False,854,5,36
349,23,23,False,854,5,36
349,24,24,False,854,5,36
349,25,25,False,854,5,36
349,26,26,True,854,5,36
349,27,27,False,854,5,36
349,28,28,False,854,5,36
349,29,29,False,854,5,36
349,30,30,False,854,5,36
349,31,31,False,854,5,36
349,32,32,False,854,5,36
349,33,33,False,854,5,36
349,34,34,False,854,5,36
349,35,35,False,854,5,36
665,12,12,False,854,7,12
665,13,13,False,854,7,12
665,14,14,False,854,7,12
665,15,15,False,854,7,12
665,16,16,False,854,7,12
665,17,17,False,854,7,12
665,18,18,False,854,7,12
665,19,19,False,854,7,12
665,20,20,False,854,7,12
665,21,21,False,854,7,12
665,22,22,False,854,7,12
665,23,23,False,854,7,12
665,24,24,False,854,7,12
665,25,25,False,854,7,12
665,26,26,False,854,7,12
665,27,27,False,854,7,12
665,28,28,False,854,7,12
665,29,29,False,854,7,12
665,30,30,True,854,7,12
665,31,31,False,854,7,12
665,32,32,False,854,7,12
665,33,33,False,854,7,12
665,34,34,False,854,7,12
665,35,35,False,854,7,12
665,36,36,False,854,7,12
665,37,37,False,854,7,12
665,38,38,False,854,7,12
665,39,39,False,854,7,12
665,40,40,False,854,7,12
665,41,41,False,854,7,12
665,42,42,False,854,7,12
665,43,43,False,854,7,12
665,44,44,False,854,7,12
665,45,45,False,854,7,12
665,46,46,False,854,7,12
665,47,47,False,854,7,12
665,48,48,False,854,7,12
665,49,49,False,854,7,12
493,11,11,False,854,7,24
493,12,12,False,854,7,24
493,13,13,False,854,7,24
493,14,14,False,854,7,24
493,15,15,False,854,7,24
493,16,16,False,854,7,24
493,17,17,False,854,7,24
493,18,18,False,854,7,24
493,19,19,False,854,7,24
493,20,20,False,854,7,24
493,21,21,False,854,7,24
493,22,22,True,854,7,24
493,23,23,False,854,7,24
493,24,24,False,854,7,24
493,25,25,False,854,7,24
493,26,26,False,854,7,24
493,27,27,False,854,7,24
493,28,28,False,854,7,24
493,29,29,False,854,7,24
493,30,30,False,854,7,24
493,31,31,False,854,7,24
493,32,32,False,854,7,24
493,33,33,False,854,7,24
493,34,34,False,854,7,24
493,35,35,False,854,7,24
493,36,36,False,854,7,24
493,37,37,False,854,7,24
493,38,38,False,854,7,24
493,39,39,False,854,7,24
493,40,40,False,854,7,24
493,41,41,False,854,7,24
493,42,42,False,854,7,24
493,43,43,False,854,7,24
459,10,10,False,854,7,36
459,11,11,False,854,7,36
459,12,12,False,854,7,36
459,13,13,False,854,7,36
459,14,14,False,854,7,36
459,15,15,False,854,7,36
459,16,16,False,854,7,36
459,17,17,False,854,7,36
459,18,18,False,854,7,36
459,19,19,False,854,7,36
459,20,20,False,854,7,36
459,21,21,False,854,7,36
459,22,22,False,854,7,36
459,23,23,False,854,7,36
459,24,24,False,854,7,36
459,25,25,False,854,7,36
459,26,26,False,854,7,36
459,27,27,False,854,7,36
459,28,28,False,854,7,36
459,29,29,False,854,7,36
459,30,30,False,854,7,36
459,31,31,False,854,7,36
459,32,32,False,854,7,36
459,33,33,False,854,7,36
459,34,34,False,854,7,36
459,35,35,False,854,7,36
459,36,36,False,854,7,36
459,37,37,False,854,7,36
459,38,38,True,854,7,36
459,39,39,False,854,7,36
459,40,40,False,854,7,36
459,41,41,False,854,7,36
756,13,13,True,854,9,12
756,14,14,False,854,9,12
756,15,15,False,854,9,12
756,16,16,False,854,9,12
756,17,17,False,854,9,12
756,18,18,False,854,9,12
756,19,19,False,854,9,12
756,20,20,False,854,9,12
756,21,21,False,854,9,12
756,22,22,False,854,9,12
756,23,23,False,854,9,12
756,24,24,False,854,9,12
756,25,25,False,854,9,12
756,26,26,False,854,9,12
756,27,27,False,854,9,12
756,28,28,False,854,9,12
756,29,29,False,854,9,12
756,30,30,False,854,9,12
756,31,31,False,854,9,12
756,32,32,False,854,9,12
756,33,33,False,854,9,12
756,34,34,False,854,9,12
756,35,35,False,854,9,12
756,36,36,False,854,9,12
756,37,37,False,854,9,12
756,38,38,False,854,9,12
756,39,39,False,854,9,12
756,40,40,False,854,9,12
756,41,41,False,854,9,12
756,42,42,False,854,9,12
756,43,43,False,854,9,12
756,44,44,False,854,9,12
756,45,45,False,854,9,12
756,46,46,False,854,9,12
756,47,47,False,854,9,12
756,48,48,False,854,9,12
756,49,49,False,854,9,12
756,50,50,False,854,9,12
756,51,51,False,854,9,12
756,52,52,False,854,9,12
756,53,53,False,854,9,12
561,11,11,False,854,9,24
561,12,12,False,854,9,24
561,13,13,False,854,9,24
561,14,14,False,854,9,24
561,15,15,False,854,9,24
561,16,16,False,854,9,24
561,17,17,False,854,9,24
561,18,18,False,854,9,24
561,19,19,False,854,9,24
561,20,20,False,854,9,24
561,21,21,False,854,9,24
561,22,22,False,854,9,24
561,23,23,False,854,9,24
561,24,24,False,854,9,24
561,25,25,False,854,9,24
561,26,26,False,854,9,24
561,27,27,True,854,9,24
561,28,28,False,854,9,24
561,29,29,False,854,9,24
561,30,30,False,854,9,24
561,31,31,False,854,9,24
561,32,32,False,854,9,24
561,33,33,False,854,9,24
561,34,34,False,854,9,24
561,35,35,False,854,9,24
561,36,36,False,854,9,24
561,37,37,False,854,9,24
561,38,38,False,854,9,24
561,39,39,False,854,9,24
561,40,40,False,854,9,24
561,41,41,False,854,9,24
561,42,42,False,854,9,24
561,43,43,False,854,9,24
561,44,44,False,854,9,24
561,45,45,False,854,9,24
520,11,11,False,854,9,36
520,12,12,False,854,9,36
520,13,13,False,854,9,36
520,14,14,False,854,9,36
520,15,15,False,854,9,36
520,16,16,False,854,9,36
520,17,17,False,854,9,36
520,18,18,False,854,9,36
520,19,19,False,854,9,36
520,20,20,False,854,9,36
520,21,21,False,854,9,36
520,22,22,False,854,9,36
520,23,23,False,854,9,36
520,24,24,False,854,9,36
520,25,25,False,854,9,36
520,26,26,False,854,9,36
520,27,27,False,854,9,36
520,28,28,False,854,9,36
520,29,29,False,854,9,36
520,30,30,False,854,9,36
520,31,31,False,854,9,36
520,32,32,False,854,9,36
520,33,33,False,854,9,36
520,34,34,False,854,9,36
520,35,35,False,854,9,36
520,36,36,False,854,9,36
520,37,37,False,854,9,36
520,38,38,True,854,9,36
520,39,39,False,854,9,36
520,40,40,False,854,9,36
520,41,41,False,854,9,36
520,42,42,False,854,9,36
520,43,43,False,854,9,36
452,10,10,False,1222,3,12
452,11,11,False,1222,3,12
452,12,12,False,1222,3,12
452,13,13,False,1222,3,12
452,14,14,False,1222,3,12
452,15,15,False,1222,3,12
452,16,16,False,1222,3,12
452,17,17,False,1222,3,12
452,18,18,False,1222,3,12
452,19,19,False,1222,3,12
452,20,20,False,1222,3,12
452,21,21,False,1222,3,12
452,22,22,False,1222,3,12
452,23,23,False,1222,3,12
452,24,24,False,1222,3,12
452,25,25,False,1222,3,12
452,26,26,False,1222,3,12
452,27,27,False,1222,3,12
452,28,28,False,1222,3,12
452,29,29,False,1222,3,12
452,30,30,False,1222,3,12
452,31,31,False,1222,3,12
452,32,32,False,1222,3,12
452,33,33,False,1222,3,12
452,34,34,False,1222,3,12
452,35,35,False,1222,3,12
452,36,36,False,1222,3,12
452,37,37,True,1222,3,12
452,38,38,False,1222,3,12
452,39,39,False,1222,3,12
452,40,40,False,1222,3,12
452,41,41,False,1222,3,12
312,8,8,False,1222,3,24
312,9,9,False,1222,3,24
312,10,10,False,1222,3,24
312,11,11,True,1222,3,24
312,12,12,False,1222,3,24
312,13,13,False,1222,3,24
312,14,14,False,1222,3,24
312,15,15,False,1222,3,24
312,16,16,False,1222,3,24
312,17,17,False,1222,3,24
312,18,18,False,1222,3,24
312,19,19,False,1222,3,24
312,20,20,False,1222,3,24
312,21,21,False,1222,3,24
312,22,22,False,1222,3,24
312,23,23,False,1222,3,24
312,24,24,False,1222,3,24
312,25,25,False,1222,3,24
312,26,26,False,1222,3,24
312,27,27,False,1222,3,24
312,28,28,False,1222,3,24
312,29,29,False,1222,3,24
312,30,30,False,1222,3,24
312,31,31,False,1222,3,24
312,32,32,False,1222,3,24
312,33,33,False,1222,3,24
253,7,7,False,1222,3,36
253,8,8,False,1222,3,36
253,9,9,False,1222,3,36
253,10,10,False,1222,3,36
253,11,11,False,1222,3,36
253,12,12,False,1222,3,36
253,13,13,False,1222,3,36
253,14,14,True,1222,3,36
253,15,15,False,1222,3,36
253,16,16,False,1222,3,36
253,17,17,False,1222,3,36
253,18,18,False,1222,3,36
253,19,19,False,1222,3,36
253,20,20,False,1222,3,36
253,21,21,False,1222,3,36
253,22,22,False,1222,3,36
253,23,23,False,1222,3,36
253,24,24,False,1222,3,36
253,25,25,False,1222,3,36
253,26,26,False,1222,3,36
253,27,27,False,1222,3,36
253,28,28,False,1222,3,36
253,29,29,False,1222,3,36
763,13,13,False,1222,5,12
763,14,14,True,1222,5,12
763,15,15,False,1222,5,12
763,16,16,False,1222,5,12
763,17,17,False,1222,5,12
763,18,18,False,1222,5,12
763,19,19,False,1222,5,12
763,20,20,False,1222,5,12
763,21,21,False,1222,5,12
763,22,22,False,1222,5,12
763,23,23,False,1222,5,12
763,24,24,False,1222,5,12
763,25,25,False,1222,5,12
763,26,26,False,1222,5,12
763,27,27,False,1222,5,12
763,28,28,False,1222,5,12
763,29,29,False,1222,5,12
763,30,30,False,1222,5,12
763,31,31,False,1222,5,12
763,32,32,False,1222,5,12
763,33,33,False,1222,5,12
763,34,34,False,1222,5,12
763,35,35,False,1222,5,12
763,36,36,False,1222,5,12
763,37,37,False,1222,5,12
763,38,38,False,1222,5,12
763,39,39,False,1222,5,12
763,40,40,False,1222,5,12
763,41,41,False,1222,5,12
763,42,42,False,1222,5,12
763,43,43,False,1222,5,12
763,44,44,False,1222,5,12
763,45,45,False,1222,5,12
763,46,46,False,1222,5,12
763,47,47,False,1222,5,12
763,48,48,False,1222,5,12
763,49,49,False,1222,5,12
763,50,50,False,1222,5,12
763,51,51,False,1222,5,12
763,52,52,False,1222,5,12
763,53,53,False,1222,5,12
573,11,11,False,1222,5,24
573,12,12,False,1222,5,24
573,13,13,False,1222,5,24
573,14,14,False,1222,5,24
573,15,15,False,1222,5,24
573,16,16,False,1222,5,24
573,17,17,False,1222,5,24
573,18,18,False,1222,5,24
573,19,19,False,1222,5,24
573,20,20,False,1222,5,24
573,21,21,False,1222,5,24
573,22,22,False,1222,5,24
573,23,23,False,1222,5,24
573,24,24,False,1222,5,24
573,25,25,False,1222,5,24
573,26,26,False,1222,5,24
573,27,27,False,1222,5,24
573,28,28,False,1222,5,24
573,29,29,False,1222,5,24
573,30,30,False,1222,5,24
573,31,31,False,1222,5,24
573,32,32,False,1222,5,24
573,33,33,False,1222,5,24
573,34,34,False,1222,5,24
573,35,35,False,1222,5,24
573,36,36,False,1222,5,24
573,37,37,False,1222,5,24
573,38,38,False,1222,5,24
573,39,39,False,1222,5,24
573,40,40,False,1222,5,24
573,41,41,False,1222,5,24
573,42,42,False,1222,5,24
573,43,43,False,1222,5,24
573,44,44,False,1222,5,24
573,45,45,True,1222,5,24
494,11,11,False,1222,5,36
494,12,12,False,1222,5,36
494,13,13,False,1222,5,36
494,14,14,False,1222,5,36
494,15,15,False,1222,5,36
494,16,16,False,1222,5,36
494,17,17,True,1222,5,36
494,18,18,False,1222,5,36
494,19,19,False,1222,5,36
494,20,20,False,1222,5,36
494,21,21,False,1222,5,36
494,22,22,False,1222,5,36
494,23,23,False,1222,5,36
494,24,24,False,1222,5,36
494,25,25,False,1222,5,36
494,26,26,False,1222,5,36
494,27,27,False,1222,5,36
494,28,28,False,1222,5,36
494,29,29,False,1222,5,36
494,30,30,False,1222,5,36
494,31,31,False,1222,5,36
494,32,32,False,1222,5,36
494,33,33,False,1222,5,36
494,34,34,False,1222,5,36
494,35,35,False,1222,5,36
494,36,36,False,1222,5,36
494,37,37,False,1222,5,36
494,38,38,False,1222,5,36
494,39,39,False,1222,5,36
494,40,40,False,1222,5,36
494,41,41,False,1222,5,36
494,42,42,False,1222,5,36
494,43,43,False,1222,5,36
952,15,15,False,1222,7,12
952,16,16,False,1222,7,12
952,17,17,False,1222,7,12
952,18,18,False,1222,7,12
952,19,19,False,1222,7,12
952,20,20,False,1222,7,12
952,21,21,False,1222,7,12
952,22,22,False,1222,7,12
952,23,23,False,1222,7,12
952,24,24,False,1222,7,12
952,25,25,False,1222,7,12
952,26,26,False,1222,7,12
952,27,27,False,1222,7,12
952,28,28,False,1222,7,12
952,29,29,False,1222,7,12
952,30,30,False,1222,7,12
952,31,31,False,1222,7,12
952,32,32,False,1222,7,12
952,33,33,False,1222,7,12
952,34,34,False,1222,7,12
952,35,35,False,1222,7,12
952,36,36,False,1222,7,12
952,37,37,False,1222,7,12
952,38,38,False,1222,7,12
952,39,39,False,1222,7,12
952,40,40,False,1222,7,12
952,41,41,False,1222,7,12
952,42,42,False,1222,7,12
952,43,43,False,1222,7,12
952,44,44,False,1222,7,12
952,45,45,False,1222,7,12
952,46,46,False,1222,7,12
952,47,47,False,1222,7,12
952,48,48,False,1222,7,12
952,49,49,False,1222,7,12
952,50,50,False,1222,7,12
952,51,51,False,1222,7,12
952,52,52,False,1222,7,12
952,53,53,False,1222,7,12
952,54,54,False,1222,7,12
952,55,55,False,1222,7,12
952,56,56,True,1222,7,12
952,57,57,False,1222,7,12
952,58,58,False,1222,7,12
952,59,59,False,1222,7,12
723,13,13,False,1222,7,24
723,14,14,False,1222,7,24
723,15,15,False,1222,7,24
723,16,16,False,1222,7,24
723,17,17,False,1222,7,24
723,18,18,False,1222,7,24
723,19,19,False,1222,7,24
723,20,20,False,1222,7,24
723,21,21,False,1222,7,24
723,22,22,False,1222,7,24
723,23,23,False,1222,7,24
723,24,24,False,1222,7,24
723,25,25,False,1222,7,24
723,26,26,False,1222,7,24
723,27,27,False,1222,7,24
723,28,28,False,1222,7,24
723,29,29,False,1222,7,24
723,30,30,False,1222,7,24
723,31,31,False,1222,7,24
723,32,32,False,1222,7,24
723,33,33,False,1222,7,24
723,34,34,False,1222,7,24
723,35,35,True,1222,7,24
723,36,36,False,1222,7,24
723,37,37,False,1222,7,24
723,38,38,False,1222,7,24
723,39,39,False,1222,7,24
723,40,40,False,1222,7,24
723,41,41,False,1222,7,24
723,42,42,False,1222,7,24
723,43,43,False,1222,7,24
723,44,44,False,1222,7,24
723,45,45,False,1222,7,24
723,46,46,False,1222,7,24
723,47,47,False,1222,7,24
723,48,48,False,1222,7,24
723,49,49,False,1222,7,24
723,50,50,False,1222,7,24
723,51,51,False,1222,7,24
670,12,12,False,1222,7,36
670,13,13,False,1222,7,36
670,14,14,False,1222,7,36
670,15,15,False,1222,7,36
670,16,16,False,1222,7,36
670,17,17,False,1222,7,36
670,18,18,False,1222,7,36
670,19,19,False,1222,7,36
670,20,20,False,1222,7,36
670,21,21,False,1222,7,36
670,22,22,False,1222,7,36
670,23,23,False,1222,7,36
670,24,24,False,1222,7,36
670,25,25,False,1222,7,36
670,26,26,False,1222,7,36
670,27,27,False,1222,7,36
670,28,28,False,1222,7,36
670,29,29,False,1222,7,36
670,30,30,False,1222,7,36
670,31,31,False,1222,7,36
670,32,32,False,1222,7,36
670,33,33,False,1222,7,36
670,34,34,False,1222,7,36
670,35,35,False,1222,7,36
670,36,36,False,1222,7,36
670,37,37,False,1222,7,36
670,38,38,False,1222,7,36
670,39,39,False,1222,7,36
670,40,40,False,1222,7,36
670,41,41,False,1222,7,36
670,42,42,True,1222,7,36
670,43,43,False,1222,7,36
670,44,44,False,1222,7,36
670,45,45,False,1222,7,36
670,46,46,False,1222,7,36
670,47,47,False,1222,7,36
670,48,48,False,1222,7,36
670,49,49,False,1222,7,36
1086,16,16,True,1222,9,12
1086,17,17,False,1222,9,12
1086,18,18,False,1222,9,12
1086,19,19,False,1222,9,12
1086,20,20,False,1222,9,12
1086,21,21,False,1222,9,12
1086,22,22,False,1222,9,12
1086,23,23,False,1222,9,12
1086,24,24,False,1222,9,12
1086,25,25,False,1222,9,12
1086,26,26,False,1222,9,12
1086,27,27,False,1222,9,12
1086,28,28,False,1222,9,12
1086,29,29,False,1222,9,12
1086,30,30,False,1222,9,12
1086,31,31,False,1222,9,12
1086,32,32,False,1222,9,12
1086,33,33,False,1222,9,12
1086,34,34,False,1222,9,12
1086,35,35,False,1222,9,12
1086,36,36,False,1222,9,12
1086,37,37,False,1222,9,12
1086,38,38,False,1222,9,12
1086,39,39,False,1222,9,12
1086,40,40,False,1222,9,12
1086,41,41,False,1222,9,12
1086,42,42,False,1222,9,12
1086,43,43,False,1222,9,12
1086,44,44,False,1222,9,12
1086,45,45,False,1222,9,12
1086,46,46,False,1222,9,12
1086,47,47,False,1222,9,12
1086,48,48,False,1222,9,12
1086,49,49,False,1222,9,12
1086,50,50,False,1222,9,12
1086,51,51,False,1222,9,12
1086,52,52,False,1222,9,12
1086,53,53,False,1222,9,12
1086,54,54,False,1222,9,12
1086,55,55,False,1222,9,12
1086,56,56,False,1222,9,12
1086,57,57,False,1222,9,12
1086,58,58,False,1222,9,12
1086,59,59,False,1222,9,12
1086,60,60,False,1222,9,12
1086,61,61,False,1222,9,12
1086,62,62,False,1222,9,12
1086,63,63,False,1222,9,12
820,14,14,False,1222,9,24
820,15,15,False,1222,9,24
820,16,16,False,1222,9,24
820,17,17,False,1222,9,24
820,18,18,False,1222,9,24
820,19,19,False,1222,9,24
820,20,20,False,1222,9,24
820,21,21,False,1222,9,24
820,22,22,False,1222,9,24
820,23,23,False,1222,9,24
820,24,24,False,1222,9,24
820,25,25,False,1222,9,24
820,26,26,False,1222,9,24
820,27,27,False,1222,9,24
820,28,28,False,1222,9,24
820,29,29,False,1222,9,24
820,30,30,False,1222,9,24
820,31,31,False,1222,9,24
820,32,32,False,1222,9,24
820,33,33,False,1222,9,24
820,34,34,False,1222,9,24
820,35,35,False,1222,9,24
820,36,36,False,1222,9,24
820,37,37,False,1222,9,24
820,38,38,False,1222,9,24
820,39,39,False,1222,9,24
820,40,40,False,1222,9,24
820,41,41,False,1222,9,24
820,42,42,False,1222,9,24
820,43,43,False,1222,9,24
820,44,44,False,1222,9,24
820,45,45,False,1222,9,24
820,46,46,False,1222,9,24
820,47,47,False,1222,9,24
820,48,48,False,1222,9,24
820,49,49,False,1222,9,24
820,50,50,False,1222,9,24
820,51,51,True,1222,9,24
820,52,52,False,1222,9,24
820,53,53,False,1222,9,24
820,54,54,False,1222,9,24
820,55,55,False,1222,9,24
744,13,13,False,1222,9,36
744,14,14,False,1222,9,36
744,15,15,False,1222,9,36
744,16,16,False,1222,9,36
744,17,17,False,1222,9,36
744,18,18,False,1222,9,36
744,19,19,False,1222,9,36
744,20,20,False,1222,9,36
744,21,21,False,1222,9,36
744,22,22,False,1222,9,36
744,23,23,False,1222,9,36
744,24,24,False,1222,9,36
744,25,25,False,1222,9,36
744,26,26,False,1222,9,36
744,27,27,False,1222,9,36
744,28,28,False,1222,9,36
744,29,29,False,1222,9,36
744,30,30,False,1222,9,36
744,31,31,False,1222,9,36
744,32,32,False,1222,9,36
744,33,33,False,1222,9,36
744,34,34,False,1222,9,36
744,35,35,False,1222,9,36
744,36,36,False,1222,9,36
744,37,37,False,1222,9,36
744,38,38,False,1222,9,36
744,39,39,False,1222,9,36
744,40,40,False,1222,9,36
744,41,41,True,1222,9,36
744,42,42,False,1222,9,36
744,43,43,False,1222,9,36
744,44,44,False,1222,9,36
744,45,45,False,1222,9,36
744,46,46,False,1222,9,36
744,47,47,False,1222,9,36
744,48,48,False,1222,9,36
744,49,49,False,1222,9,36
744,50,50,False,1222,9,36
744,51,51,False,1222,9,36
744,52,52,False,1222,9,36
744,53,53,False,1222,9,36
634,12,12,False,1748,3,12
634,13,13,False,1748,3,12
634,14,14,False,1748,3,12
634,15,15,False,1748,3,12
634,16,16,False,1748,3,12
634,17,17,False,1748,3,12
634,18,18,False,1748,3,12
634,19,19,False,1748,3,12
634,20,20,False,1748,3,12
634,21,21,False,1748,3,12
634,22,22,False,1748,3,12
634,23,23,False,1748,3,12
634,24,24,False,1748,3,12
634,25,25,False,1748,3,12
634,26,26,False,1748,3,12
634,27,27,False,1748,3,12
634,28,28,False,1748,3,12
634,29,29,False,1748,3,12
634,30,30,False,1748,3,12
634,31,31,False,1748,3,12
634,32,32,False,1748,3,12
634,33,33,False,1748,3,12
634,34,34,False,1748,3,12
634,35,35,False,1748,3,12
634,36,36,False,1748,3,12
634,37,37,False,1748,3,12
634,38,38,False,1748,3,12
634,39,39,False,1748,3,12
634,40,40,False,1748,3,12
634,41,41,False,1748,3,12
634,42,42,False,1748,3,12
634,43,43,True,1748,3,12
634,44,44,False,1748,3,12
634,45,45,False,1748,3,12
634,46,46,False,1748,3,12
634,47,47,False,1748,3,12
634,48,48,False,1748,3,12
634,49,49,False,1748,3,12
442,10,10,True,1748,3,24
442,11,11,False,1748,3,24
442,12,12,False,1748,3,24
442,13,13,False,1748,3,24
442,14,14,False,1748,3,24
442,15,15,False,1748,3,24
442,16,16,False,1748,3,24
442,17,17,False,1748,3,24
442,18,18,False,1748,3,24
442,19,19,False,1748,3,24
442,20,20,False,1748,3,24
442,21,21,False,1748,3,24
442,22,22,False,1748,3,24
442,23,23,False,1748,3,24
442,24,24,False,1748,3,24
442,25,25,False,1748,3,24
442,26,26,False,1748,3,24
442,27,27,False,1748,3,24
442,28,28,False,1748,3,24
442,29,29,False,1748,3,24
442,30,30,False,1748,3,24
442,31,31,False,1748,3,24
442,32,32,False,1748,3,24
442,33,33,False,1748,3,24
442,34,34,False,1748,3,24
442,35,35,False,1748,3,24
442,36,36,False,1748,3,24
442,37,37,False,1748,3,24
442,38,38,False,1748,3,24
442,39,39,False,1748,3,24
442,40,40,False,1748,3,24
442,41,41,False,1748,3,24
351,9,9,False,1748,3,36
351,10,10,False,1748,3,36
351,11,11,False,1748,3,36
351,12,12,False,1748,3,36
351,13,13,False,1748,3,36
351,14,14,False,1748,3,36
351,15,15,True,1748,3,36
351,16,16,False,1748,3,36
351,17,17,False,1748,3,36
351,18,18,False,1748,3,36
351,19,19,False,1748,3,36
351,20,20,False,1748,3,36
351,21,21,False,1748,3,36
351,22,22,False,1748,3,36
351,23,23,False,1748,3,36
351,24,24,False,1748,3,36
351,25,25,False,1748,3,36
351,26,26,False,1748,3,36
351,27,27,False,1748,3,36
351,28,28,False,1748,3,36
351,29,29,False,1748,3,36
351,30,30,False,1748,3,36
351,31,31,False,1748,3,36
351,32,32,False,1748,3,36
351,33,33,False,1748,3,36
351,34,34,False,1748,3,36
351,35,35,False,1748,3,36
1083,16,16,False,1748,5,12
1083,17,17,True,1748,5,12
1083,18,18,False,1748,5,12
1083,19,19,False,1748,5,12
1083,20,20,False,1748,5,12
1083,21,21,False,1748,5,12
1083,22,22,False,1748,5,12
1083,23,23,False,1748,5,12
1083,24,24,False,1748,5,12
1083,25,25,False,1748,5,12
1083,26,26,False,1748,5,12
1083,27,27,False,1748,5,12
1083,28,28,False,1748,5,12
1083,29,29,False,1748,5,12
1083,30,30,False,1748,5,12
1083,31,31,False,1748,5,12
1083,32,32,False,1748,5,12
1083,33,33,False,1748,5,12
1083,34,34,False,1748,5,12
1083,35,35,False,1748,5,12
1083,36,36,False,1748,5,12
1083,37,37,False,1748,5,12
1083,38,38,False,1748,5,12
1083,39,39,False,1748,5,12
1083,40,40,False,1748,5,12
1083,41,41,False,1748,5,12
1083,42,42,False,1748,5,12
1083,43,43,False,1748,5,12
1083,44,44,False,1748,5,12
1083,45,45,False,1748,5,12
1083,46,46,False,1748,5,12
1083,47,47,False,1748,5,12
1083,48,48,False,1748,5,12
1083,49,49,False,1748,5,12
1083,50,50,False,1748,5,12
1083,51,51,False,1748,5,12
1083,52,52,False,1748,5,12
1083,53,53,False,1748,5,12
1083,54,54,False,1748,5,12
1083,55,55,False,1748,5,12
1083,56,56,False,1748,5,12
1083,57,57,False,1748,5,12
1083,58,58,False,1748,5,12
1083,59,59,False,1748,5,12
1083,60,60,False,1748,5,12
1083,61,61,False,1748,5,12
1083,62,62,False,1748,5,12
1083,63,63,False,1748,5,12
825,14,14,False,1748,5,24
825,15,15,False,1748,5,24
825,16,16,False,1748,5,24
825,17,17,False,1748,5,24
825,18,18,False,1748,5,24
825,19,19,False,1748,5,24
825,20,20,False,1748,5,24
825,21,21,False,1748,5,24
825,22,22,False,1748,5,24
825,23,23,False,1748,5,24
825,24,24,False,1748,5,24
825,25,25,False,1748,5,24
825,26,26,False,1748,5,24
825,27,27,False,1748,5,24
825,28,28,False,1748,5,24
825,29,29,False,1748,5,24
825,30,30,False,1748,5,24
825,31,31,False,1748,5,24
825,32,32,False,1748,5,24
825,33,33,False,1748,5,24
825,34,34,False,1748,5,24
825,35,35,False,1748,5,24
825,36,36,False,1748,5,24
825,37,37,False,1748,5,24
825,38,38,False,1748,5,24
825,39,39,False,1748,5,24
825,40,40,False,1748,5,24
825,41,41,False,1748,5,24
825,42,42,False,1748,5,24
825,43,43,False,1748,5,24
825,44,44,False,1748,5,24
825,45,45,False,1748,5,24
825,46,46,False,1748,5,24
825,47,47,False,1748,5,24
825,48,48,False,1748,5,24
825,49,49,False,1748,5,24
825,50,50,False,1748,5,24
825,51,51,False,1748,5,24
825,52,52,True,1748,5,24
825,53,53,False,1748,5,24
825,54,54,False,1748,5,24
825,55,55,False,1748,5,24
710,13,13,False,1748,5,36
710,14,14,False,1748,5,36
710,15,15,False,1748,5,36
710,16,16,False,1748,5,36
710,17,17,False,1748,5,36
710,18,18,False,1748,5,36
710,19,19,False,1748,5,36
710,20,20,False,1748,5,36
710,21,21,False,1748,5,36
710,22,22,False,1748,5,36
710,23,23,False,1748,5,36
710,24,24,False,1748,5,36
710,25,25,False,1748,5,36
710,26,26,False,1748,5,36
710,27,27,False,1748,5,36
710,28,28,False,1748,5,36
710,29,29,False,1748,5,36
710,30,30,False,1748,5,36
710,31,31,False,1748,5,36
710,32,32,False,1748,5,36
710,33,33,False,1748,5,36
710,34,34,False,1748,5,36
710,35,35,False,1748,5,36
710,36,36,False,1748,5,36
710,37,37,False,1748,5,36
710,38,38,False,1748,5,36
710,39,39,False,1748,5,36
710,40,40,False,1748,5,36
710,41,41,False,1748,5,36
710,42,42,False,1748,5,36
710,43,43,False,1748,5,36
710,44,44,False,1748,5,36
710,45,45,False,1748,5,36
710,46,46,False,1748,5,36
710,47,47,False,1748,5,36
710,48,48,False,1748,5,36
710,49,49,False,1748,5,36
710,50,50,False,1748,5,36
710,51,51,True,1748,5,36
1366,18,18,False,1748,7,12
1366,19,19,False,1748,7,12
1366,20,20,False,1748,7,12
1366,21,21,False,1748,7,12
1366,22,22,False,1748,7,12
1366,23,23,False,1748,7,12
1366,24,24,False,1748,7,12
1366,25,25,False,1748,7,12
1366,26,26,False,1748,7,12
1366,27,27,False,1748,7,12
1366,28,28,False,1748,7,12
1366,29,29,False,1748,7,12
1366,30,30,False,1748,7,12
1366,31,31,False,1748,7,12
1366,32,32,False,1748,7,12
1366,33,33,False,1748,7,12
1366,34,34,False,1748,7,12
1366,35,35,False,1748,7,12
1366,36,36,False,1748,7,12
1366,37,37,False,1748,7,12
1366,38,38,False,1748,7,12
1366,39,39,False,1748,7,12
1366,40,40,False,1748,7,12
1366,41,41,False,1748,7,12
1366,42,42,False,1748,7,12
1366,43,43,False,1748,7,12
1366,44,44,False,1748,7,12
1366,45,45,False,1748,7,12
1366,46,46,False,1748,7,12
1366,47,47,False,1748,7,12
1366,48,48,False,1748,7,12
1366,49,49,False,1748,7,12
1366,50,50,False,1748,7,12
1366,51,51,True,1748,7,12
1366,52,52,False,1748,7,12
1366,53,53,False,1748,7,12
1366,54,54,False,1748,7,12
1366,55,55,False,1748,7,12
1366,56,56,False,1748,7,12
1366,57,57,False,1748,7,12
1366,58,58,False,1748,7,12
1366,59,59,False,1748,7,12
1366,60,60,False,1748,7,12
1366,61,61,False,1748,7,12
1366,62,62,False,1748,7,12
1366,63,63,False,1748,7,12
1366,64,64,False,1748,7,12
1366,65,65,False,1748,7,12
1366,66,66,False,1748,7,12
1366,67,67,False,1748,7,12
1366,68,68,False,1748,7,12
1366,69,69,False,1748,7,12
1366,70,70,False,1748,7,12
1366,71,71,False,1748,7,12
1045,16,16,False,1748,7,24
1045,17,17,False,1748,7,24
1045,18,18,False,1748,7,24
1045,19,19,False,1748,7,24
1045,20,20,False,1748,7,24
1045,21,21,False,1748,7,24
1045,22,22,False,1748,7,24
1045,23,23,False,1748,7,24
1045,24,24,False,1748,7,24
1045,25,25,False,1748,7,24
1045,26,26,False,1748,7,24
1045,27,27,False,1748,7,24
1045,28,28,False,1748,7,24
1045,29,29,False,1748,7,24
1045,30,30,False,1748,7,24
1045,31,31,False,1748,7,24
1045,32,32,False,1748,7,24
1045,33,33,False,1748,7,24
1045,34,34,False,1748,7,24
1045,35,35,False,1748,7,24
1045,36,36,False,1748,7,24
1045,37,37,False,1748,7,24
1045,38,38,False,1748,7,24
1045,39,39,False,1748,7,24
1045,40,40,False,1748,7,24
1045,41,41,False,1748,7,24
1045,42,42,False,1748,7,24
1045,43,43,False,1748,7,24
1045,44,44,False,1748,7,24
1045,45,45,False,1748,7,24
1045,46,46,False,1748,7,24
1045,47,47,False,1748,7,24
1045,48,48,False,1748,7,24
1045,49,49,False,1748,7,24
1045,50,50,False,1748,7,24
1045,51,51,False,1748,7,24
1045,52,52,False,1748,7,24
1045,53,53,False,1748,7,24
1045,54,54,False,1748,7,24
1045,55,55,True,1748,7,24
1045,56,56,False,1748,7,24
1045,57,57,False,1748,7,24
1045,58,58,False,1748,7,24
1045,59,59,False,1748,7,24
1045,60,60,False,1748,7,24
1045,61,61,False,1748,7,24
1045,62,62,False,1748,7,24
1045,63,63,False,1748,7,24
943,15,15,False,1748,7,36
943,16,16,False,1748,7,36
943,17,17,False,1748,7,36
943,18,18,False,1748,7,36
943,19,19,False,1748,7,36
943,20,20,False,1748,7,36
943,21,21,False,1748,7,36
943,22,22,False,1748,7,36
943,23,23,False,1748,7,36
943,24,24,False,1748,7,36
943,25,25,False,1748,7,36
943,26,26,False,1748,7,36
943,27,27,False,1748,7,36
943,28,28,False,1748,7,36
943,29,29,False,1748,7,36
943,30,30,False,1748,7,36
943,31,31,False,1748,7,36
943,32,32,False,1748,7,36
943,33,33,False,1748,7,36
943,34,34,False,1748,7,36
943,35,35,False,1748,7,36
943,36,36,False,1748,7,36
943,37,37,False,1748,7,36
943,38,38,False,1748,7,36
943,39,39,False,1748,7,36
943,40,40,False,1748,7,36
943,41,41,False,1748,7,36
943,42,42,False,1748,7,36
943,43,43,False,1748,7,36
943,44,44,False,1748,7,36
943,45,45,False,1748,7,36
943,46,46,False,1748,7,36
943,47,47,False,1748,7,36
943,48,48,False,1748,7,36
943,49,49,False,1748,7,36
943,50,50,False,1748,7,36
943,51,51,True,1748,7,36
943,52,52,False,1748,7,36
943,53,53,False,1748,7,36
943,54,54,False,1748,7,36
943,55,55,False,1748,7,36
943,56,56,False,1748,7,36
943,57,57,False,1748,7,36
943,58,58,False,1748,7,36
943,59,59,False,1748,7,36
1551,19,19,False,1748,9,12
1551,20,20,False,1748,9,12
1551,21,21,False,1748,9,12
1551,22,22,False,1748,9,12
1551,23,23,False,1748,9,12
1551,24,24,False,1748,9,12
1551,25,25,False,1748,9,12
1551,26,26,False,1748,9,12
1551,27,27,False,1748,9,12
1551,28,28,False,1748,9,12
1551,29,29,False,1748,9,12
1551,30,30,False,1748,9,12
1551,31,31,False,1748,9,12
1551,32,32,False,1748,9,12
1551,33,33,False,1748,9,12
1551,34,34,False,1748,9,12
1551,35,35,False,1748,9,12
1551,36,36,False,1748,9,12
1551,37,37,False,1748,9,12
1551,38,38,False,1748,9,12
1551,39,39,False,1748,9,12
1551,40,40,False,1748,9,12
1551,41,41,True,1748,9,12
1551,42,42,False,1748,9,12
1551,43,43,False,1748,9,12
1551,44,44,False,1748,9,12
1551,45,45,False,1748,9,12
1551,46,46,False,1748,9,12
1551,47,47,False,1748,9,12
1551,48,48,False,1748,9,12
1551,49,49,False,1748,9,12
1551,50,50,False,1748,9,12
1551,51,51,False,1748,9,12
1551,52,52,False,1748,9,12
1551,53,53,False,1748,9,12
1551,54,54,False,1748,9,12
1551,55,55,False,1748,9,12
1551,56,56,False,1748,9,12
1551,57,57,False,1748,9,12
1551,58,58,False,1748,9,12
1551,59,59,False,1748,9,12
1551,60,60,False,1748,9,12
1551,61,61,False,1748,9,12
1551,62,62,False,1748,9,12
1551,63,63,False,1748,9,12
1551,64,64,False,1748,9,12
1551,65,65,False,1748,9,12
1551,66,66,False,1748,9,12
1551,67,67,False,1748,9,12
1551,68,68,False,1748,9,12
1551,69,69,False,1748,9,12
1551,70,70,False,1748,9,12
1551,71,71,False,1748,9,12
1551,72,72,False,1748,9,12
1551,73,73,False,1748,9,12
1551,74,74,False,1748,9,12
1551,75,75,False,1748,9,12
1551,76,76,False,1748,9,12
1551,77,77,False,1748,9,12
1206,17,17,False,1748,9,24
1206,18,18,False,1748,9,24
1206,19,19,False,1748,9,24
1206,20,20,False,1748,9,24
1206,21,21,False,1748,9,24
1206,22,22,False,1748,9,24
1206,23,23,False,1748,9,24
1206,24,24,False,1748,9,24
1206,25,25,False,1748,9,24
1206,26,26,False,1748,9,24
1206,27,27,False,1748,9,24
1206,28,28,False,1748,9,24
1206,29,29,False,1748,9,24
1206,30,30,False,1748,9,24
1206,31,31,False,1748,9,24
1206,32,32,False,1748,9,24
1206,33,33,False,1748,9,24
1206,34,34,False,1748,9,24
1206,35,35,False,1748,9,24
1206,36,36,False,1748,9,24
1206,37,37,False,1748,9,24
1206,38,38,False,1748,9,24
1206,39,39,False,1748,9,24
1206,40,40,False,1748,9,24
1206,41,41,False,1748,9,24
1206,42,42,False,1748,9,24
1206,43,43,False,1748,9,24
1206,44,44,False,1748,9,24
1206,45,45,False,1748,9,24
1206,46,46,False,1748,9,24
1206,47,47,False,1748,9,24
1206,48,48,False,1748,9,24
1206,49,49,False,1748,9,24
1206,50,50,False,1748,9,24
1206,51,51,False,1748,9,24
1206,52,52,False,1748,9,24
1206,53,53,False,1748,9,24
1206,54,54,False,1748,9,24
1206,55,55,False,1748,9,24
1206,56,56,False,1748,9,24
1206,57,57,False,1748,9,24
1206,58,58,True,1748,9,24
1206,59,59,False,1748,9,24
1206,60,60,False,1748,9,24
1206,61,61,False,1748,9,24
1206,62,62,False,1748,9,24
1206,63,63,False,1748,9,24
1206,64,64,False,1748,9,24
1206,65,65,False,1748,9,24
1206,66,66,False,1748,9,24
1206,67,67,False,1748,9,24
1073,16,16,False,1748,9,36
1073,17,17,False,1748,9,36
1073,18,18,False,1748,9,36
1073,19,19,False,1748,9,36
1073,20,20,False,1748,9,36
1073,21,21,False,1748,9,36
1073,22,22,False,1748,9,36
1073,23,23,False,1748,9,36
1073,24,24,False,1748,9,36
1073,25,25,False,1748,9,36
1073,26,26,False,1748,9,36
1073,27,27,False,1748,9,36
1073,28,28,False,1748,9,36
1073,29,29,False,1748,9,36
1073,30,30,False,1748,9,36
1073,31,31,False,1748,9,36
1073,32,32,False,1748,9,36
1073,33,33,False,1748,9,36
1073,34,34,False,1748,9,36
1073,35,35,False,1748,9,36
1073,36,36,False,1748,9,36
1073,37,37,False,1748,9,36
1073,38,38,False,1748,9,36
1073,39,39,False,1748,9,36
1073,40,40,False,1748,9,36
1073,41,41,False,1748,9,36
1073,42,42,False,1748,9,36
1073,43,43,False,1748,9,36
1073,44,44,False,1748,9,36
1073,45,45,False,1748,9,36
1073,46,46,False,1748,9,36
1073,47,47,False,1748,9,36
1073,48,48,False,1748,9,36
1073,49,49,False,1748,9,36
1073,50,50,False,1748,9,36
1073,51,51,False,1748,9,36
1073,52,52,False,1748,9,36
1073,53,53,False,1748,9,36
1073,54,54,False,1748,9,36
1073,55,55,False,1748,9,36
1073,56,56,False,1748,9,36
1073,57,57,False,1748,9,36
1073,58,58,False,1748,9,36
1073,59,59,False,1748,9,36
1073,60,60,False,1748,9,36
1073,61,61,False,1748,9,36
1073,62,62,False,1748,9,36
1073,63,63,True,1748,9,36
899,14,14,False,2500,3,12
899,15,15,False,2500,3,12
899,16,16,False,2500,3,12
899,17,17,False,2500,3,12
899,18,18,False,2500,3,12
899,19,19,False,2500,3,12
899,20,20,False,2500,3,12
899,21,21,False,2500,3,12
899,22,22,False,2500,3,12
899,23,23,False,2500,3,12
899,24,24,False,2500,3,12
899,25,25,False,2500,3,12
899,26,26,False,2500,3,12
899,27,27,False,2500,3,12
899,28,28,False,2500,3,12
899,29,29,False,2500,3,12
899,30,30,False,2500,3,12
899,31,31,False,2500,3,12
899,32,32,False,2500,3,12
899,33,33,False,2500,3,12
899,34,34,False,2500,3,12
899,35,35,False,2500,3,12
899,36,36,False,2500,3,12
899,37,37,False,2500,3,12
899,38,38,False,2500,3,12
899,39,39,False,2500,3,12
899,40,40,False,2500,3,12
899,41,41,False,2500,3,12
899,42,42,False,2500,3,12
899,43,43,False,2500,3,12
899,44,44,False,2500,3,12
899,45,45,False,2500,3,12
899,46,46,False,2500,3,12
899,47,47,False,2500,3,12
899,48,48,False,2500,3,12
899,49,49,True,2500,3,12
899,50,50,False,2500,3,12
899,51,51,False,2500,3,12
899,52,52,False,2500,3,12
899,53,53,False,2500,3,12
899,54,54,False,2500,3,12
899,55,55,False,2500,3,12
899,56,56,False,2500,3,12
899,57,57,False,2500,3,12
645,12,12,False,2500,3,24
645,13,13,True,2500,3,24
645,14,14,False,2500,3,24
645,15,15,False,2500,3,24
645,16,16,False,2500,3,24
645,17,17,False,2500,3,24
645,18,18,False,2500,3,24
645,19,19,False,2500,3,24
645,20,20,False,2500,3,24
645,21,21,False,2500,3,24
645,22,22,False,2500,3,24
645,23,23,False,2500,3,24
645,24,24,False,2500,3,24
645,25,25,False,2500,3,24
645,26,26,False,2500,3,24
645,27,27,False,2500,3,24
645,28,28,False,2500,3,24
645,29,29,False,2500,3,24
645,30,30,False,2500,3,24
645,31,31,False,2500,3,24
645,32,32,False,2500,3,24
645,33,33,False,2500,3,24
645,34,34,False,2500,3,24
645,35,35,False,2500,3,24
645,36,36,False,2500,3,24
645,37,37,False,2500,3,24
645,38,38,False,2500,3,24
645,39,39,False,2500,3,24
645,40,40,False,2500,3,24
645,41,41,False,2500,3,24
645,42,42,False,2500,3,24
645,43,43,False,2500,3,24
645,44,44,False,2500,3,24
645,45,45,False,2500,3,24
645,46,46,False,2500,3,24
645,47,47,False,2500,3,24
645,48,48,False,2500,3,24
645,49,49,False,2500,3,24
505,11,11,False,2500,3,36
505,12,12,False,2500,3,36
505,13,13,False,2500,3,36
505,14,14,False,2500,3,36
505,15,15,False,2500,3,36
505,16,16,False,2500,3,36
505,17,17,False,2500,3,36
505,18,18,False,2500,3,36
505,19,19,False,2500,3,36
505,20,20,False,2500,3,36
505,21,21,False,2500,3,36
505,22,22,False,2500,3,36
505,23,23,False,2500,3,36
505,24,24,False,2500,3,36
505,25,25,False,2500,3,36
505,26,26,False,2500,3,36
505,27,27,False,2500,3,36
505,28,28,False,2500,3,36
505,29,29,False,2500,3,36
505,30,30,False,2500,3,36
505,31,31,False,2500,3,36
505,32,32,True,2500,3,36
505,33,33,False,2500,3,36
505,34,34,False,2500,3,36
505,35,35,False,2500,3,36
505,36,36,False,2500,3,36
505,37,37,False,2500,3,36
505,38,38,False,2500,3,36
505,39,39,False,2500,3,36
505,40,40,False,2500,3,36
505,41,41,False,2500,3,36
505,42,42,False,2500,3,36
505,43,43,False,2500,3,36
1565,19,19,False,2500,5,12
1565,20,20,False,2500,5,12
1565,21,21,False,2500,5,12
1565,22,22,False,2500,5,12
1565,23,23,False,2500,5,12
1565,24,24,False,2500,5,12
1565,25,25,False,2500,5,12
1565,26,26,False,2500,5,12
1565,27,27,False,2500,5,12
1565,28,28,False,2500,5,12
1565,29,29,False,2500,5,12
1565,30,30,False,2500,5,12
1565,31,31,False,2500,5,12
1565,32,32,False,2500,5,12
1565,33,33,False,2500,5,12
1565,34,34,False,2500,5,12
1565,35,35,False,2500,5,12
1565,36,36,False,2500,5,12
1565,37,37,False,2500,5,12
1565,38,38,False,2500,5,12
1565,39,39,False,2500,5,12
1565,40,40,False,2500,5,12
1565,41,41,False,2500,5,12
1565,42,42,False,2500,5,12
1565,43,43,False,2500,5,12
1565,44,44,False,2500,5,12
1565,45,45,False,2500,5,12
1565,46,46,False,2500,5,12
1565,47,47,False,2500,5,12
1565,48,48,False,2500,5,12
1565,49,49,False,2500,5,12
1565,50,50,False,2500,5,12
1565,51,51,False,2500,5,12
1565,52,52,False,2500,5,12
1565,53,53,False,2500,5,12
1565,54,54,False,2500,5,12
1565,55,55,False,2500,5,12
1565,56,56,False,2500,5,12
1565,57,57,False,2500,5,12
1565,58,58,True,2500,5,12
1565,59,59,False,2500,5,12
1565,60,60,False,2500,5,12
1565,61,61,False,2500,5,12
1565,62,62,False,2500,5,12
1565,63,63,False,2500,5,12
1565,64,64,False,2500,5,12
1565,65,65,False,2500,5,12
1565,66,66,False,2500,5,12
1565,67,67,False,2500,5,12
1565,68,68,False,2500,5,12
1565,69,69,False,2500,5,12
1565,70,70,False,2500,5,12
1565,71,71,False,2500,5,12
1565,72,72,False,2500,5,12
1565,73,73,False,2500,5,12
1565,74,74,False,2500,5,12
1565,75,75,False,2500,5,12
1565,76,76,False,2500,5,12
1565,77,77,False,2500,5,12
1184,17,17,False,2500,5,24
1184,18,18,False,2500,5,24
1184,19,19,False,2500,5,24
1184,20,20,False,2500,5,24
1184,21,21,False,2500,5,24
1184,22,22,False,2500,5,24
1184,23,23,False,2500,5,24
1184,24,24,False,2500,5,24
1184,25,25,False,2500,5,24
1184,26,26,False,2500,5,24
1184,27,27,False,2500,5,24
1184,28,28,False,2500,5,24
1184,29,29,False,2500,5,24
1184,30,30,False,2500,5,24
1184,31,31,False,2500,5,24
1184,32,32,False,2500,5,24
1184,33,33,False,2500,5,24
1184,34,34,False,2500,5,24
1184,35,35,False,2500,5,24
1184,36,36,False,2500,5,24
1184,37,37,False,2500,5,24
1184,38,38,False,2500,5,24
1184,39,39,False,2500,5,24
1184,40,40,False,2500,5,24
1184,41,41,False,2500,5,24
1184,42,42,False,2500,5,24
1184,43,43,False,2500,5,24
1184,44,44,False,2500,5,24
1184,45,45,False,2500,5,24
1184,46,46,False,2500,5,24
1184,47,47,False,2500,5,24
1184,48,48,False,2500,5,24
1184,49,49,False,2500,5,24
1184,50,50,False,2500,5,24
1184,51,51,False,2500,5,24
1184,52,52,False,2500,5,24
1184,53,53,False,2500,5,24
1184,54,54,False,2500,5,24
1184,55,55,False,2500,5,24
1184,56,56,False,2500,5,24
1184,57,57,False,2500,5,24
1184,58,58,True,2500,5,24
1184,59,59,False,2500,5,24
1184,60,60,False,2500,5,24
1184,61,61,False,2500,5,24
1184,62,62,False,2500,5,24
1184,63,63,False,2500,5,24
1184,64,64,False,2500,5,24
1184,65,65,False,2500,5,24
1184,66,66,False,2500,5,24
1184,67,67,False,2500,5,24
1044,16,16,False,2500,5,36
1044,17,17,False,2500,5,36
1044,18,18,False,2500,5,36
1044,19,19,False,2500,5,36
1044,20,20,False,2500,5,36
1044,21,21,False,2500,5,36
1044,22,22,False,2500,5,36
1044,23,23,False,2500,5,36
1044,24,24,False,2500,5,36
1044,25,25,False,2500,5,36
1044,26,26,False,2500,5,36
1044,27,27,False,2500,5,36
1044,28,28,False,2500,5,36
1044,29,29,False,2500,5,36
1044,30,30,False,2500,5,36
1044,31,31,False,2500,5,36
1044,32,32,False,2500,5,36
1044,33,33,False,2500,5,36
1044,34,34,False,2500,5,36
1044,35,35,False,2500,5,36
1044,36,36,False,2500,5,36
1044,37,37,False,2500,5,36
1044,38,38,False,2500,5,36
1044,39,39,False,2500,5,36
1044,40,40,False,2500,5,36
1044,41,41,False,2500,5,36
1044,42,42,False,2500,5,36
1044,43,43,False,2500,5,36
1044,44,44,False,2500,5,36
1044,45,45,False,2500,5,36
1044,46,46,False,2500,5,36
1044,47,47,False,2500,5,36
1044,48,48,False,2500,5,36
1044,49,49,False,2500,5,36
1044,50,50,False,2500,5,36
1044,51,51,False,2500,5,36
1044,52,52,False,2500,5,36
1044,53,53,False,2500,5,36
1044,54,54,False,2500,5,36
1044,55,55,False,2500,5,36
1044,56,56,False,2500,5,36
1044,57,57,False,2500,5,36
1044,58,58,False,2500,5,36
1044,59,59,False,2500,5,36
1044,60,60,False,2500,5,36
1044,61,61,False,2500,5,36
1044,62,62,False,2500,5,36
1044,63,63,True,2500,5,36
1952,22,22,False,2500,7,12
1952,23,23,False,2500,7,12
1952,24,24,False,2500,7,12
1952,25,25,False,2500,7,12
1952,26,26,False,2500,7,12
1952,27,27,False,2500,7,12
1952,28,28,False,2500,7,12
1952,29,29,False,2500,7,12
1952,30,30,False,2500,7,12
1952,31,31,False,2500,7,12
1952,32,32,False,2500,7,12
1952,33,33,False,2500,7,12
1952,34,34,False,2500,7,12
1952,35,35,False,2500,7,12
1952,36,36,False,2500,7,12
1952,37,37,False,2500,7,12
1952,38,38,False,2500,7,12
1952,39,39,False,2500,7,12
1952,40,40,False,2500,7,12
1952,41,41,False,2500,7,12
1952,42,42,False,2500,7,12
1952,43,43,False,2500,7,12
1952,44,44,False,2500,7,12
1952,45,45,False,2500,7,12
1952,46,46,False,2500,7,12
1952,47,47,False,2500,7,12
1952,48,48,False,2500,7,12
1952,49,49,False,2500,7,12
1952,50,50,False,2500,7,12
1952,51,51,False,2500,7,12
1952,52,52,False,2500,7,12
1952,53,53,False,2500,7,12
1952,54,54,False,2500,7,12
1952,55,55,False,2500,7,12
1952,56,56,False,2500,7,12
1952,57,57,False,2500,7,12
1952,58,58,False,2500,7,12
1952,59,59,False,2500,7,12
1952,60,60,False,2500,7,12
1952,61,61,False,2500,7,12
1952,62,62,False,2500,7,12
1952,63,63,False,2500,7,12
1952,64,64,False,2500,7,12
1952,65,65,False,2500,7,12
1952,66,66,False,2500,7,12
1952,67,67,False,2500,7,12
1952,68,68,False,2500,7,12
1952,69,69,False,2500,7,12
1952,70,70,False,2500,7,12
1952,71,71,False,2500,7,12
1952,72,72,False,2500,7,12
1952,73,73,False,2500,7,12
1952,74,74,False,2500,7,12
1952,75,75,False,2500,7,12
1952,76,76,True,2500,7,12
1952,77,77,False,2500,7,12
1952,78,78,False,2500,7,12
1952,79,79,False,2500,7,12
1952,80,80,False,2500,7,12
1952,81,81,False,2500,7,12
1952,82,82,False,2500,7,12
1952,83,83,False,2500,7,12
1952,84,84,False,2500,7,12
1952,85,85,False,2500,7,12
1952,86,86,False,2500,7,12
1952,87,87,False,2500,7,12
1511,19,19,False,2500,7,24
1511,20,20,False,2500,7,24
1511,21,21,False,2500,7,24
1511,22,22,False,2500,7,24
1511,23,23,False,2500,7,24
1511,24,24,False,2500,7,24
1511,25,25,False,2500,7,24
1511,26,26,False,2500,7,24
1511,27,27,False,2500,7,24
1511,28,28,False,2500,7,24
1511,29,29,False,2500,7,24
1511,30,30,False,2500,7,24
1511,31,31,False,2500,7,24
1511,32,32,False,2500,7,24
1511,33,33,False,2500,7,24
1511,34,34,False,2500,7,24
1511,35,35,False,2500,7,24
1511,36,36,False,2500,7,24
1511,37,37,False,2500,7,24
1511,38,38,False,2500,7,24
1511,39,39,False,2500,7,24
1511,40,40,False,2500,7,24
1511,41,41,False,2500,7,24
1511,42,42,False,2500,7,24
1511,43,43,False,2500,7,24
1511,44,44,False,2500,7,24
1511,45,45,False,2500,7,24
1511,46,46,False,2500,7,24
1511,47,47,False,2500,7,24
1511,48,48,False,2500,7,24
1511,49,49,False,2500,7,24
1511,50,50,False,2500,7,24
1511,51,51,False,2500,7,24
1511,52,52,False,2500,7,24
1511,53,53,False,2500,7,24
1511,54,54,False,2500,7,24
1511,55,55,False,2500,7,24
1511,56,56,False,2500,7,24
1511,57,57,False,2500,7,24
1511,58,58,False,2500,7,24
1511,59,59,False,2500,7,24
1511,60,60,False,2500,7,24
1511,61,61,False,2500,7,24
1511,62,62,False,2500,7,24
1511,63,63,False,2500,7,24
1511,64,64,False,2500,7,24
1511,65,65,False,2500,7,24
1511,66,66,False,2500,7,24
1511,67,67,False,2500,7,24
1511,68,68,False,2500,7,24
1511,69,69,False,2500,7,24
1511,70,70,False,2500,7,24
1511,71,71,False,2500,7,24
1511,72,72,True,2500,7,24
1511,73,73,False,2500,7,24
1511,74,74,False,2500,7,24
1511,75,75,False,2500,7,24
1350,18,18,False,2500,7,36
1350,19,19,False,2500,7,36
1350,20,20,False,2500,7,36
1350,21,21,False,2500,7,36
1350,22,22,False,2500,7,36
1350,23,23,False,2500,7,36
1350,24,24,False,2500,7,36
1350,25,25,False,2500,7,36
1350,26,26,False,2500,7,36
1350,27,27,False,2500,7,36
1350,28,28,False,2500,7,36
1350,29,29,False,2500,7,36
1350,30,30,False,2500,7,36
1350,31,31,False,2500,7,36
1350,32,32,False,2500,7,36
1350,33,33,False,2500,7,36
1350,34,34,False,2500,7,36
1350,35,35,False,2500,7,36
1350,36,36,False,2500,7,36
1350,37,37,False,2500,7,36
1350,38,38,False,2500,7,36
1350,39,39,False,2500,7,36
1350,40,40,False,2500,7,36
1350,41,41,False,2500,7,36
1350,42,42,False,2500,7,36
1350,43,43,False,2500,7,36
1350,44,44,False,2500,7,36
1350,45,45,False,2500,7,36
1350,46,46,False,2500,7,36
1350,47,47,False,2500,7,36
1350,48,48,False,2500,7,36
1350,49,49,False,2500,7,36
1350,50,50,False,2500,7,36
1350,51,51,False,2500,7,36
1350,52,52,False,2500,7,36
1350,53,53,False,2500,7,36
1350,54,54,False,2500,7,36
1350,55,55,False,2500,7,36
1350,56,56,False,2500,7,36
1350,57,57,False,2500,7,36
1350,58,58,False,2500,7,36
1350,59,59,False,2500,7,36
1350,60,60,False,2500,7,36
1350,61,61,False,2500,7,36
1350,62,62,False,2500,7,36
1350,63,63,False,2500,7,36
1350,64,64,True,2500,7,36
1350,65,65,False,2500,7,36
1350,66,66,False,2500,7,36
1350,67,67,False,2500,7,36
1350,68,68,False,2500,7,36
1350,69,69,False,2500,7,36
1350,70,70,False,2500,7,36
1350,71,71,False,2500,7,36
2225,23,23,False,2500,9,12
2225,24,24,False,2500,9,12
2225,25,25,False,2500,9,12
2225,26,26,True,2500,9,12
2225,27,27,False,2500,9,12
2225,28,28,False,2500,9,12
2225,29,29,False,2500,9,12
2225,30,30,False,2500,9,12
2225,31,31,False,2500,9,12
2225,32,32,False,2500,9,12
2225,33,33,False,2500,9,12
2225,34,34,False,2500,9,12
2225,35,35,False,2500,9,12
2225,36,36,False,2500,9,12
2225,37,37,False,2500,9,12
2225,38,38,False,2500,9,12
2225,39,39,False,2500,9,12
2225,40,40,False,2500,9,12
2225,41,41,False,2500,9,12
2225,42,42,False,2500,9,12
2225,43,43,False,2500,9,12
2225,44,44,False,2500,9,12
2225,45,45,False,2500,9,12
2225,46,46,False,2500,9,12
2225,47,47,False,2500,9,12
2225,48,48,False,2500,9,12
2225,49,49,False,2500,9,12
2225,50,50,False,2500,9,12
2225,51,51,False,2500,9,12
2225,52,52,False,2500,9,12
2225,53,53,False,2500,9,12
2225,54,54,False,2500,9,12
2225,55,55,False,2500,9,12
2225,56,56,False,2500,9,12
2225,57,57,False,2500,9,12
2225,58,58,False,2500,9,12
2225,59,59,False,2500,9,12
2225,60,60,False,2500,9,12
2225,61,61,False,2500,9,12
2225,62,62,False,2500,9,12
2225,63,63,False,2500,9,12
2225,64,64,False,2500,9,12
2225,65,65,False,2500,9,12
2225,66,66,False,2500,9,12
2225,67,67,False,2500,9,12
2225,68,68,False,2500,9,12
2225,69,69,False,2500,9,12
2225,70,70,False,2500,9,12
2225,71,71,False,2500,9,12
2225,72,72,False,2500,9,12
2225,73,73,False,2500,9,12
2225,74,74,False,2500,9,12
2225,75,75,False,2500,9,12
2225,76,76,False,2500,9,12
2225,77,77,False,2500,9,12
2225,78,78,False,2500,9,12
2225,79,79,False,2500,9,12
2225,80,80,False,2500,9,12
2225,81,81,False,2500,9,12
2225,82,82,False,2500,9,12
2225,83,83,False,2500,9,12
2225,84,84,False,2500,9,12
2225,85,85,False,2500,9,12
2225,86,86,False,2500,9,12
2225,87,87,False,2500,9,12
2225,88,88,False,2500,9,12
2225,89,89,False,2500,9,12
2225,90,90,False,2500,9,12
2225,91,91,False,2500,9,12
2225,92,92,False,2500,9,12
2225,93,93,False,2500,9,12
1733,20,20,False,2500,9,24
1733,21,21,False,2500,9,24
1733,22,22,False,2500,9,24
1733,23,23,False,2500,9,24
1733,24,24,False,2500,9,24
1733,25,25,False,2500,9,24
1733,26,26,False,2500,9,24
1733,27,27,False,2500,9,24
1733,28,28,False,2500,9,24
1733,29,29,False,2500,9,24
1733,30,30,False,2500,9,24
1733,31,31,False,2500,9,24
1733,32,32,False,2500,9,24
1733,33,33,False,2500,9,24
1733,34,34,False,2500,9,24
1733,35,35,False,2500,9,24
1733,36,36,False,2500,9,24
1733,37,37,False,2500,9,24
1733,38,38,False,2500,9,24
1733,39,39,False,2500,9,24
1733,40,40,False,2500,9,24
1733,41,41,False,2500,9,24
1733,42,42,False,2500,9,24
1733,43,43,False,2500,9,24
1733,44,44,False,2500,9,24
1733,45,45,False,2500,9,24
1733,46,46,False,2500,9,24
1733,47,47,False,2500,9,24
1733,48,48,False,2500,9,24
1733,49,49,False,2500,9,24
1733,50,50,False,2500,9,24
1733,51,51,False,2500,9,24
1733,52,52,False,2500,9,24
1733,53,53,False,2500,9,24
1733,54,54,False,2500,9,24
1733,55,55,False,2500,9,24
1733,56,56,False,2500,9,24
1733,57,57,False,2500,9,24
1733,58,58,False,2500,9,24
1733,59,59,False,2500,9,24
1733,60,60,False,2500,9,24
1733,61,61,False,2500,9,24
1733,62,62,False,2500,9,24
1733,63,63,False,2500,9,24
1733,64,64,False,2500,9,24
1733,65,65,False,2500,9,24
1733,66,66,False,2500,9,24
1733,67,67,False,2500,9,24
1733,68,68,False,2500,9,24
1733,69,69,False,2500,9,24
1733,70,70,False,2500,9,24
1733,71,71,False,2500,9,24
1733,72,72,False,2500,9,24
1733,73,73,False,2500,9,24
1733,74,74,False,2500,9,24
1733,75,75,False,2500,9,24
1733,76,76,False,2500,9,24
1733,77,77,False,2500,9,24
1733,78,78,True,2500,9,24
1733,79,79,False,2500,9,24
1733,80,80,False,2500,9,24
1733,81,81,False,2500,9,24
1553,19,19,False,2500,9,36
1553,20,20,False,2500,9,36
1553,21,21,False,2500,9,36
1553,22,22,False,2500,9,36
1553,23,23,False,2500,9,36
1553,24,24,False,2500,9,36
1553,25,25,False,2500,9,36
1553,26,26,False,2500,9,36
1553,27,27,False,2500,9,36
1553,28,28,False,2500,9,36
1553,29,29,False,2500,9,36
1553,30,30,False,2500,9,36
1553,31,31,False,2500,9,36
1553,32,32,False,2500,9,36
1553,33,33,False,2500,9,36
1553,34,34,False,2500,9,36
1553,35,35,False,2500,9,36
1553,36,36,False,2500,9,36
1553,37,37,False,2500,9,36
1553,38,38,False,2500,9,36
1553,39,39,False,2500,9,36
1553,40,40,False,2500,9,36
1553,41,41,False,2500,9,36
1553,42,42,False,2500,9,36
1553,43,43,False,2500,9,36
1553,44,44,False,2500,9,36
1553,45,45,False,2500,9,36
1553,46,46,False,2500,9,36
1553,47,47,False,2500,9,36
1553,48,48,False,2500,9,36
1553,49,49,False,2500,9,36
1553,50,50,False,2500,9,36
1553,51,51,False,2500,9,36
1553,52,52,False,2500,9,36
1553,53,53,False,2500,9,36
1553,54,54,False,2500,9,36
1553,55,55,False,2500,9,36
1553,56,56,False,2500,9,36
1553,57,57,False,2500,9,36
1553,58,58,False,2500,9,36
1553,59,59,False,2500,9,36
1553,60,60,False,2500,9,36
1553,61,61,False,2500,9,36
1553,62,62,False,2500,9,36
1553,63,63,False,2500,9,36
1553,64,64,False,2500,9,36
1553,65,65,False,2500,9,36
1553,66,66,False,2500,9,36
1553,67,67,False,2500,9,36
1553,68,68,False,2500,9,36
1553,69,69,False,2500,9,36
1553,70,70,False,2500,9,36
1553,71,71,True,2500,9,36
1553,72,72,False,2500,9,36
1553,73,73,False,2500,9,36
1553,74,74,False,2500,9,36
1553,75,75,False,2500,9,36
1553,76,76,False,2500,9,36
1553,77,77,False,2500,9,36
